-- --------------------------------------------------------
-- First Summerhouses
-- Copyright (c) 2006 Frontburner
-- Author Craig McKay <craig@frontburner.co.uk>
--
-- $Id$
--
-- SET PASSWORD FOR 'firstsummer'@'localhost' = OLD_PASSWORD('john21');
-- --------------------------------------------------------
-- phpMyAdmin SQL Dump
-- version 2.9.0-rc1
-- http://www.phpmyadmin.net
--
-- Host: localhost
-- Generation Time: Oct 04, 2006 at 10:04 PM
-- Server version: 4.1.16
-- PHP Version: 5.1.1
--
-- Database: 1stsummerhouses_com_-_site
-- --------------------------------------------------------

--
-- Table structure for table categories
--

CREATE TABLE categories (
  id int(11) NOT NULL auto_increment,
  category varchar(50) default NULL,
  disporder tinyint(4) default NULL,
  show_ranges int(11) default NULL,
  short_text varchar(255) default NULL,
  long_text mediumtext,
  created_by varchar(50) default NULL,
  created_on date default NULL,
  created_at time default NULL,
  updated_by varchar(50) default NULL,
  updated_on date default NULL,
  updated_at time default NULL,
  PRIMARY KEY  (id)
) ENGINE=MyISAM DEFAULT CHARSET=latin1 COMMENT='Product Categories' AUTO_INCREMENT=4 ;

--
-- Dumping data for table categories
--

INSERT INTO categories (id, category, disporder, show_ranges, short_text, long_text, created_by, created_on, created_at, updated_by, updated_on, updated_at) VALUES
(1, 'BBQ Huts', 1, 0, NULL, NULL, NULL, NULL, NULL, NULL, NULL, NULL),
(2, 'Log Cabins', 2, 1, NULL, NULL, NULL, NULL, NULL, NULL, NULL, NULL);

-- --------------------------------------------------------

--
-- Table structure for table dimensions
--

CREATE TABLE dimensions (
  id int(11) NOT NULL auto_increment,
  dim_type tinyint(4) NOT NULL default '1',
  dimension varchar(50) default NULL,
  disp_order smallint(6) default NULL,
  created datetime default NULL,
  updated datetime default NULL,
  PRIMARY KEY  (id)
) ENGINE=MyISAM DEFAULT CHARSET=latin1 COMMENT='Dimensions' AUTO_INCREMENT=53 ;

--
-- Dumping data for table dimensions
--

INSERT INTO dimensions (id, dim_type, dimension, disp_order, created, updated) VALUES
(1, 1, 'Roof projection - Front', 10, NULL, NULL),
(2, 1, 'Roof projection - Back', 20, NULL, NULL),
(3, 1, 'Roof projection - Side', 30, NULL, NULL),
(4, 1, 'Walls', 40, NULL, NULL),
(5, 1, 'Floor', 50, NULL, NULL),
(6, 1, 'Roof', 60, NULL, NULL),
(7, 1, 'Outer Doors', 70, NULL, NULL),
(8, 1, 'Windows', 80, NULL, NULL),
(9, 2, 'An octagonal grill', 100, NULL, NULL),
(10, 2, 'A round table around the grill', 110, NULL, NULL),
(11, 2, 'A grill set', 120, NULL, NULL),
(12, 2, 'A brick pan', 130, NULL, NULL),
(13, 2, 'A steel kettle', 140, NULL, NULL),
(14, 2, 'Reindeer skins', 150, NULL, NULL),
(15, 2, 'A coffee pot warmer', 160, NULL, NULL),
(16, 2, 'A pillow', 170, NULL, NULL),
(17, 2, 'Santa Claus', 180, NULL, NULL),
(18, 2, 'A visitors book', 190, NULL, NULL),
(19, 2, 'Wood cups', 200, NULL, NULL),
(20, 2, 'A pan watch', 210, NULL, NULL),
(21, 2, 'A Lapp knife', 220, NULL, NULL),
(22, 2, 'A four-cornered hat and scarf', 230, NULL, NULL),
(23, 2, 'Juniper bun dishes', 240, NULL, NULL),
(24, 2, 'Juniper servers', 250, NULL, NULL),
(25, 2, 'Bottle binoculars', 260, NULL, NULL),
(26, 2, 'Striped wooden mugs', 270, NULL, NULL),
(27, 2, 'A bottle opener', 280, NULL, NULL),
(28, 2, 'Juniper underlay', 290, NULL, NULL),
(29, 2, 'A leather coffee bag', 300, NULL, NULL),
(30, 2, 'Reindeer horn exact', 310, NULL, NULL),
(31, 2, 'Toggle tables', 320, NULL, NULL),
(32, 2, 'A pot mitten and patches', 330, NULL, NULL),
(33, 2, 'A thermometer', 340, NULL, NULL),
(34, 2, 'An axe block', 350, NULL, NULL),
(35, 2, 'A fillet knife', 360, NULL, NULL),
(36, 2, 'Fork and knife sets', 370, NULL, NULL),
(37, 2, 'A jingle bell', 380, NULL, NULL),
(38, 2, 'A Lapp willow grouse', 390, NULL, NULL),
(39, 2, 'A reindeer paw', 400, NULL, NULL),
(40, 2, 'Flower boxes', 410, NULL, NULL),
(41, 1, 'Sides', 90, NULL, NULL),
(42, 1, 'Apex Height', 65, NULL, NULL),
(43, 1, 'Terrace', 55, NULL, NULL),
(44, 3, 'Terrace', 1000, NULL, NULL),
(45, 1, 'Inner Doors', 75, NULL, NULL),
(46, 1, 'Roof Height - Eves', 66, NULL, NULL),
(47, 1, 'Roof Height - Ridge', 67, NULL, NULL),
(48, 1, 'Living Space', 68, NULL, NULL),
(49, 1, 'Second Floor', 55, NULL, NULL),
(50, 1, 'Stairs', 95, NULL, NULL),
(51, 1, 'Diameter', 35, NULL, NULL),
(52, 1, 'Shelter', 96, NULL, NULL);

-- --------------------------------------------------------

--
-- Table structure for table featuredproducts
--

CREATE TABLE featuredproducts (
  id int(11) NOT NULL auto_increment,
  product_id int(11) default NULL,
  product varchar(255) default NULL,
  description varchar(255) default NULL,
  price smallint(6) default NULL,
  feature varchar(255) default NULL,
  PRIMARY KEY  (id)
) ENGINE=MyISAM DEFAULT CHARSET=latin1 COMMENT='Featured Products' AUTO_INCREMENT=5 ;

--
-- Dumping data for table featuredproducts
--

INSERT INTO featuredproducts (id, product_id, product, description, price, feature) VALUES
(1, NULL, 'Tornio 4x3 (45mm)', 'The ultimate double-glazed garden room or office, with 2 double opening windows and double door.', 2488, 'Half Price roof Shingles with this cabin, was £190 now £95'),
(2, NULL, 'Chalet T24 (45mm) 6.5x4', 'A great guest or leisure suite.', 3242, 'Half Price roof Shingles with this cabin, was £399 now £199'),
(3, NULL, '9.9m2 BBQ Hut', 'Have the ultimate BBQ.', 5675, '0% APR over 2 years'),
(4, NULL, 'Laura (45mm) 5.5x4.3', 'A great multi-room cabin with gallery level.', 7162, 'Half Price roof Shingles with this cabin, was £470 now £235');

-- --------------------------------------------------------

--
-- Table structure for table member
--

CREATE TABLE member (
  memberid varchar(20) NOT NULL default '',
  first_name varchar(25) NOT NULL default '',
  last_name varchar(25) NOT NULL default '',
  email_address varchar(255) default NULL,
  password varchar(50) NOT NULL default '',
  admin int(1) default '0',
  member_type char(2) NOT NULL default 'N',
  verify_code varchar(100) NOT NULL default '',
  active int(1) NOT NULL default '0',
  dob date NOT NULL default '0000-00-00',
  signup_date datetime NOT NULL default '0000-00-00 00:00:00',
  last_login datetime NOT NULL default '0000-00-00 00:00:00',
  PRIMARY KEY  (memberid),
  KEY i_email_address (email_address)
) ENGINE=MyISAM DEFAULT CHARSET=latin1 COMMENT='User Information';

--
-- Dumping data for table member
--

INSERT INTO member (memberid, first_name, last_name, email_address, password, admin, member_type, verify_code, active, dob, signup_date, last_login) VALUES
('CRAIG', 'Craig', 'McKay', 'craig@southesk.com', '1eebdddd1f688244a5861695cb7c3eba', 1, 'A', '0', 1, '1975-09-13', '0000-00-00 00:00:00', '2006-10-04 10:31:44'),
('AUSTIN', 'Austin', 'Newberry', 'austinjnewberry@googlemail.com', '', 1, 'A', '', 0, '0000-00-00', '0000-00-00 00:00:00', '0000-00-00 00:00:00');

-- --------------------------------------------------------

--
-- Table structure for table member_type
--

CREATE TABLE member_type (
  member_type char(2) NOT NULL default '',
  type_name varchar(50) default NULL,
  comments varchar(255) default NULL,
  disp_order int(11) NOT NULL default '0',
  PRIMARY KEY  (member_type)
) ENGINE=MyISAM DEFAULT CHARSET=latin1 COMMENT='User Types';

--
-- Dumping data for table member_type
--

INSERT INTO member_type (member_type, type_name, comments, disp_order) VALUES
('U', 'User', 'Ability to View all details on the site', 1),
('N', 'New User', 'No permissions yet - waiting verification', 3),
('A', 'Administrator', 'Full Administrative capabilities', 2);

-- --------------------------------------------------------

--
-- Table structure for table newsitems
--

CREATE TABLE newsitems (
  id int(11) NOT NULL auto_increment,
  newsitem varchar(50) default NULL,
  news_text mediumtext,
  news_date date default NULL,
  news_img varchar(50) default NULL,
  created_by varchar(50) default NULL,
  created_on date default NULL,
  created_at time default NULL,
  updated_by varchar(50) default NULL,
  updated_on date default NULL,
  updated_at time default NULL,
  PRIMARY KEY  (id)
) ENGINE=MyISAM DEFAULT CHARSET=latin1 COMMENT='News Items' AUTO_INCREMENT=4 ;

--
-- Dumping data for table newsitems
--

INSERT INTO newsitems (id, newsitem, news_text, news_date, news_img, created_by, created_on, created_at, updated_by, updated_on, updated_at) VALUES
(1, 'IDEAL HOME AND GARDEN SHOW', 'From the 5th - 9th April we will be at the <a target="_blank" href="http://www.secc.co.uk/whatson/index.cfm?inc_dsp=view&eventRef=E67C67E6-508B-E9FB-9810CA3259FDBB77">SECC</a> in Glasgow for the <a target="_blank" href="http://www.idealhomeandgardenshow.co.uk/">Ideal Home and Garden Show</a> - come and see us there!', '2006-04-02', 'secc.gif', NULL, NULL, NULL, NULL, NULL, NULL),
(2, 'NEW SITE LAUNCHED', 'Our new-look website has been launched, corresponding with the fantastic new ranges of log cabins and BBQ huts we have added to our portfolio.  <a href="mailto:firstsummerhouses@msn.com?Subject=New%20Website">Let us know</a> what you think!', '2006-03-31', NULL, NULL, NULL, NULL, NULL, NULL, NULL),
(3, 'GARDENING SCOTLAND 2006', 'We will be showing at <a target="_blank" href="http://www.gardeningscotland.com/">Gardening Scotland</a> on Friday 2nd, Saturday 3rd &\r\nSunday 4th June at <a target="_blank" href="http://www.royalhighlandcentre.co.uk/">The Royal Highland Centre</a> Ingliston, Edinburgh.  See our quality Log Cabins firsthand.\r\n\r\n', '2006-05-29', 'gs06.gif', NULL, NULL, NULL, NULL, NULL, NULL);

-- --------------------------------------------------------

--
-- Table structure for table photos
--

CREATE TABLE photos (
  id int(11) NOT NULL auto_increment,
  product_id int(11) default NULL,
  imgfile varchar(40) NOT NULL default '',
  disporder smallint(6) default NULL,
  title varchar(50) default NULL,
  default_flag tinyint(4) NOT NULL default '0',
  comments varchar(100) default NULL,
  created_by varchar(50) default NULL,
  created_on date default NULL,
  created_at time default NULL,
  updated_by varchar(50) default NULL,
  updated_on date default NULL,
  updated_at time default NULL,
  PRIMARY KEY  (id)
) ENGINE=MyISAM DEFAULT CHARSET=latin1 COMMENT='Photos' AUTO_INCREMENT=226 ;

--
-- Dumping data for table photos
--

INSERT INTO photos (id, product_id, imgfile, disporder, title, default_flag, comments, created_by, created_on, created_at, updated_by, updated_on, updated_at) VALUES
(1, 16, 'kota_k172_00020.jpg', 20, NULL, 0, NULL, NULL, NULL, NULL, NULL, NULL, NULL),
(2, 16, 'kota_k172_00040.jpg', 40, NULL, 1, NULL, NULL, NULL, NULL, NULL, NULL, NULL),
(3, 16, 'kota_k172_00060.jpg', 60, NULL, 0, NULL, NULL, NULL, NULL, NULL, NULL, NULL),
(5, 16, 'kota_k172_00100.jpg', 100, NULL, 0, NULL, NULL, NULL, NULL, NULL, NULL, NULL),
(6, 16, 'kota_k172_00120.jpg', 120, NULL, 0, NULL, NULL, NULL, NULL, NULL, NULL, NULL),
(93, 5, 'nida_na_03380.jpg', 3380, NULL, 0, NULL, NULL, NULL, NULL, NULL, NULL, NULL),
(94, 5, 'nida_na_03360.jpg', 3360, NULL, 0, NULL, NULL, NULL, NULL, NULL, NULL, NULL),
(10, 16, 'kota_k172_00200.jpg', 200, NULL, 0, NULL, NULL, NULL, NULL, NULL, NULL, NULL),
(11, 16, 'kota_k172_00220.jpg', 220, NULL, 0, NULL, NULL, NULL, NULL, NULL, NULL, NULL),
(92, 5, 'nida_na_03340.jpg', 3340, NULL, 0, NULL, NULL, NULL, NULL, NULL, NULL, NULL),
(90, 5, 'nida_na_03300.jpg', 3300, NULL, 0, NULL, NULL, NULL, NULL, NULL, NULL, NULL),
(16, 16, 'kota_k172_00320.jpg', 320, NULL, 0, NULL, NULL, NULL, NULL, NULL, NULL, NULL),
(89, 46, 'nida_na_03280.jpg', 3280, NULL, 0, NULL, NULL, NULL, NULL, NULL, NULL, NULL),
(19, 16, 'kota_k172_00380.jpg', 380, NULL, 0, NULL, NULL, NULL, NULL, NULL, NULL, NULL),
(87, 5, 'nida_na_03240.jpg', 3240, NULL, 0, NULL, NULL, NULL, NULL, NULL, NULL, NULL),
(88, 5, 'nida_na_03260.jpg', 3260, NULL, 0, NULL, NULL, NULL, NULL, NULL, NULL, NULL),
(22, 17, 'kota_k288_00440.jpg', 440, NULL, 0, NULL, NULL, NULL, NULL, NULL, NULL, NULL),
(24, 17, 'kota_k288_00480.jpg', 480, NULL, 1, NULL, NULL, NULL, NULL, NULL, NULL, NULL),
(25, 17, 'kota_k288_00500.jpg', 500, NULL, 0, NULL, NULL, NULL, NULL, NULL, NULL, NULL),
(26, 17, 'kota_k288_00520.jpg', 520, NULL, 0, NULL, NULL, NULL, NULL, NULL, NULL, NULL),
(27, 17, 'kota_k288_00540.jpg', 540, NULL, 0, NULL, NULL, NULL, NULL, NULL, NULL, NULL),
(28, 17, 'kota_k288_00560.jpg', 560, NULL, 0, NULL, NULL, NULL, NULL, NULL, NULL, NULL),
(29, 17, 'kota_k288_00580.jpg', 580, NULL, 0, NULL, NULL, NULL, NULL, NULL, NULL, NULL),
(85, 5, 'nida_na_03200.jpg', 3200, NULL, 1, NULL, NULL, NULL, NULL, NULL, NULL, NULL),
(86, 5, 'nida_na_03220.jpg', 3220, NULL, 0, NULL, NULL, NULL, NULL, NULL, NULL, NULL),
(32, 14, 'kota_k069_00640.jpg', 640, NULL, 0, NULL, NULL, NULL, NULL, NULL, NULL, NULL),
(33, 14, 'kota_k069_00660.jpg', 660, NULL, 0, NULL, NULL, NULL, NULL, NULL, NULL, NULL),
(34, 14, 'kota_k069_00680.jpg', 680, NULL, 0, NULL, NULL, NULL, NULL, NULL, NULL, NULL),
(35, 14, 'kota_k069_00700.jpg', 700, NULL, 1, NULL, NULL, NULL, NULL, NULL, NULL, NULL),
(36, 14, 'kota_k069_00720.jpg', 720, NULL, 0, NULL, NULL, NULL, NULL, NULL, NULL, NULL),
(37, 14, 'kota_k069_00740.jpg', 740, NULL, 0, NULL, NULL, NULL, NULL, NULL, NULL, NULL),
(165, 37, 'tyla_op_04380.jpg', 4380, NULL, 1, NULL, NULL, NULL, NULL, NULL, NULL, NULL),
(108, 7, 'nida_nt_03660.jpg', 3660, NULL, 1, NULL, NULL, NULL, NULL, NULL, NULL, NULL),
(40, 14, 'kota_k069_00800.jpg', 800, NULL, 0, NULL, NULL, NULL, NULL, NULL, NULL, NULL),
(201, 18, 'tbuild_t10_04720.jpg', 4720, NULL, 0, NULL, NULL, NULL, NULL, NULL, NULL, NULL),
(42, 15, 'kota_k099_00840.jpg', 840, NULL, 0, NULL, NULL, NULL, NULL, NULL, NULL, NULL),
(43, 15, 'kota_k099_00860.jpg', 860, NULL, 0, NULL, NULL, NULL, NULL, NULL, NULL, NULL),
(106, 6, 'nida_ns_03600.jpg', 3600, NULL, 0, NULL, NULL, NULL, NULL, NULL, NULL, NULL),
(45, 15, 'kota_k099_00900.jpg', 900, NULL, 0, NULL, NULL, NULL, NULL, NULL, NULL, NULL),
(46, 15, 'kota_k099_00920.jpg', 920, NULL, 0, NULL, NULL, NULL, NULL, NULL, NULL, NULL),
(47, 15, 'kota_k099_00940.jpg', 940, NULL, 0, NULL, NULL, NULL, NULL, NULL, NULL, NULL),
(105, 6, 'nida_ns_03620.jpg', 3620, NULL, 0, NULL, NULL, NULL, NULL, NULL, NULL, NULL),
(104, 6, 'nida_ns_03580.jpg', 3580, NULL, 1, NULL, NULL, NULL, NULL, NULL, NULL, NULL),
(50, 15, 'kota_k099_01000.jpg', 1000, NULL, 0, NULL, NULL, NULL, NULL, NULL, NULL, NULL),
(51, 15, 'kota_k099_01020.jpg', 1020, NULL, 0, NULL, NULL, NULL, NULL, NULL, NULL, NULL),
(52, 15, 'kota_k099_01040.jpg', 1040, NULL, 0, NULL, NULL, NULL, NULL, NULL, NULL, NULL),
(53, 15, 'kota_k099_01060.jpg', 1060, NULL, 0, NULL, NULL, NULL, NULL, NULL, NULL, NULL),
(54, 15, 'kota_k099_01080.jpg', 1080, NULL, 0, NULL, NULL, NULL, NULL, NULL, NULL, NULL),
(103, 4, 'nida_na_03560.jpg', 3560, NULL, 0, NULL, NULL, NULL, NULL, NULL, NULL, NULL),
(56, 15, 'kota_k099_01120.jpg', 1120, NULL, 0, NULL, NULL, NULL, NULL, NULL, NULL, NULL),
(57, 15, 'kota_k099_01140.jpg', 1140, NULL, 0, NULL, NULL, NULL, NULL, NULL, NULL, NULL),
(58, 15, 'kota_k099_01160.jpg', 1160, NULL, 0, NULL, NULL, NULL, NULL, NULL, NULL, NULL),
(59, 15, 'kota_k099_01180.jpg', 1180, NULL, 0, NULL, NULL, NULL, NULL, NULL, NULL, NULL),
(61, 15, 'kota_k099_01220.jpg', 1220, NULL, 1, NULL, NULL, NULL, NULL, NULL, NULL, NULL),
(62, 15, 'kota_k099_01240.jpg', 1240, NULL, 0, NULL, NULL, NULL, NULL, NULL, NULL, NULL),
(101, 5, 'nida_na_03520.jpg', 3520, NULL, 0, NULL, NULL, NULL, NULL, NULL, NULL, NULL),
(102, 5, 'nida_na_03540.jpg', 3540, NULL, 0, NULL, NULL, NULL, NULL, NULL, NULL, NULL),
(65, 15, 'kota_k099_01300.jpg', 1300, NULL, 0, NULL, NULL, NULL, NULL, NULL, NULL, NULL),
(66, 15, 'kota_k099_01320.jpg', 1320, NULL, 0, NULL, NULL, NULL, NULL, NULL, NULL, NULL),
(67, 15, 'kota_k099_01340.jpg', 1340, NULL, 0, NULL, NULL, NULL, NULL, NULL, NULL, NULL),
(68, 15, 'kota_k099_01360.jpg', 1360, NULL, 0, NULL, NULL, NULL, NULL, NULL, NULL, NULL),
(69, 15, 'kota_k099_01380.jpg', 1380, NULL, 0, NULL, NULL, NULL, NULL, NULL, NULL, NULL),
(70, 15, 'kota_k099_01400.jpg', 1400, NULL, 0, NULL, NULL, NULL, NULL, NULL, NULL, NULL),
(71, 15, 'kota_k099_01420.jpg', 1420, NULL, 0, NULL, NULL, NULL, NULL, NULL, NULL, NULL),
(72, 15, 'kota_k099_01440.jpg', 1440, NULL, 0, NULL, NULL, NULL, NULL, NULL, NULL, NULL),
(74, 15, 'kota_k099_01480.jpg', 1480, NULL, 0, NULL, NULL, NULL, NULL, NULL, NULL, NULL),
(75, 15, 'kota_k099_01500.jpg', 1500, NULL, 0, NULL, NULL, NULL, NULL, NULL, NULL, NULL),
(76, 15, 'kota_k099_01520.jpg', 1520, NULL, 0, NULL, NULL, NULL, NULL, NULL, NULL, NULL),
(77, 15, 'kota_k099_01540.jpg', 1540, NULL, 0, NULL, NULL, NULL, NULL, NULL, NULL, NULL),
(78, 15, 'kota_k099_01560.jpg', 1560, NULL, 0, NULL, NULL, NULL, NULL, NULL, NULL, NULL),
(79, 15, 'kota_k099_01580.jpg', 1580, NULL, 0, NULL, NULL, NULL, NULL, NULL, NULL, NULL),
(98, 5, 'nida_na_03460.jpg', 3460, NULL, 0, NULL, NULL, NULL, NULL, NULL, NULL, NULL),
(97, 5, 'nida_na_03440.jpg', 3440, NULL, 0, NULL, NULL, NULL, NULL, NULL, NULL, NULL),
(110, 10, 'nida_ntas_03700.jpg', 3700, NULL, 0, NULL, NULL, NULL, NULL, NULL, NULL, NULL),
(111, 5, 'nida_ntas_03720.jpg', 3720, NULL, 1, NULL, NULL, NULL, NULL, NULL, NULL, NULL),
(161, 33, 'tyla_ct_04340.jpg', 4340, NULL, 1, NULL, NULL, NULL, NULL, NULL, NULL, NULL),
(160, 32, 'tyla_cg_04320.jpg', 4320, NULL, 1, NULL, NULL, NULL, NULL, NULL, NULL, NULL),
(159, 21, 'tbuild_tg_04620.jpg', 4620, NULL, 1, NULL, NULL, NULL, NULL, NULL, NULL, NULL),
(115, 10, 'nida_ntas_03800.jpg', 3800, NULL, 0, NULL, NULL, NULL, NULL, NULL, NULL, NULL),
(116, 9, 'nida_nv_03820.jpg', 3820, NULL, 0, NULL, NULL, NULL, NULL, NULL, NULL, NULL),
(117, 9, 'nida_nv_03840.jpg', 3840, NULL, 1, NULL, NULL, NULL, NULL, NULL, NULL, NULL),
(118, 9, 'nida_nv_03860.jpg', 3860, NULL, 0, NULL, NULL, NULL, NULL, NULL, NULL, NULL),
(119, 46, 'nida_nida_02840.jpg', 2840, NULL, 1, NULL, NULL, NULL, NULL, NULL, NULL, NULL),
(120, 9, 'nida_nida_02860.jpg', 2860, NULL, 0, NULL, NULL, NULL, NULL, NULL, NULL, NULL),
(121, 4, 'nida_nida_02880.jpg', 2880, NULL, 0, NULL, NULL, NULL, NULL, NULL, NULL, NULL),
(122, 5, 'nida_nida_02900.jpg', 2900, NULL, 0, NULL, NULL, NULL, NULL, NULL, NULL, NULL),
(123, 4, 'nida_nida_02940.jpg', 2940, NULL, 0, NULL, NULL, NULL, NULL, NULL, NULL, NULL),
(124, 6, 'nida_nida_02960.jpg', 2960, NULL, 0, NULL, NULL, NULL, NULL, NULL, NULL, NULL),
(125, 6, 'nida_nida_02980.jpg', 2980, NULL, 0, NULL, NULL, NULL, NULL, NULL, NULL, NULL),
(126, 7, 'nida_nida_03000.jpg', 3000, NULL, 0, NULL, NULL, NULL, NULL, NULL, NULL, NULL),
(127, 6, 'nida_nida_03020.jpg', 3020, NULL, 0, NULL, NULL, NULL, NULL, NULL, NULL, NULL),
(128, 4, 'nida_nida_03040.jpg', 3040, NULL, 0, NULL, NULL, NULL, NULL, NULL, NULL, NULL),
(129, 9, 'nida_nida_03060.jpg', 3060, NULL, 0, NULL, NULL, NULL, NULL, NULL, NULL, NULL),
(130, 7, 'nida_nida_03080.jpg', 3080, NULL, 0, NULL, NULL, NULL, NULL, NULL, NULL, NULL),
(131, 7, 'nida_nida_03100.jpg', 3100, NULL, 0, NULL, NULL, NULL, NULL, NULL, NULL, NULL),
(132, 4, 'nida_nida_02920.jpg', 2920, NULL, 0, NULL, NULL, NULL, NULL, NULL, NULL, NULL),
(133, 4, 'nida_nida_03120.jpg', 3120, NULL, 0, NULL, NULL, NULL, NULL, NULL, NULL, NULL),
(134, 4, 'nida_nida_03140.jpg', 3140, NULL, 1, NULL, NULL, NULL, NULL, NULL, NULL, NULL),
(135, 6, 'nida_nida_03160.jpg', 3160, NULL, 0, NULL, NULL, NULL, NULL, NULL, NULL, NULL),
(136, 4, 'nida_nida_03180.jpg', 3180, NULL, 0, NULL, NULL, NULL, NULL, NULL, NULL, NULL),
(137, 24, 'tbuild_t12_03880.jpg', 3880, NULL, 1, NULL, NULL, NULL, NULL, NULL, NULL, NULL),
(138, 27, 'tbuild_t17t_03900.jpg', 3900, NULL, 1, NULL, NULL, NULL, NULL, NULL, NULL, NULL),
(139, 41, 'tbuild_t22_03920.jpg', 3920, NULL, 0, NULL, NULL, NULL, NULL, NULL, NULL, NULL),
(140, 41, 'tbuild_t22_03940.jpg', 3940, NULL, 1, NULL, NULL, NULL, NULL, NULL, NULL, NULL),
(141, 34, 'tyla_kf_03960.jpg', 3960, NULL, 0, NULL, NULL, NULL, NULL, NULL, NULL, NULL),
(142, 34, 'tyla_kf_03980.jpg', 10, NULL, 1, NULL, NULL, NULL, NULL, NULL, NULL, NULL),
(143, 34, 'tyla_kf_04000.jpg', 4000, NULL, 0, NULL, NULL, NULL, NULL, NULL, NULL, NULL),
(144, 34, 'tyla_kf_04020.jpg', 4020, NULL, 0, NULL, NULL, NULL, NULL, NULL, NULL, NULL),
(187, 19, 'tbuild_t24_04820.jpg', 4820, NULL, 1, NULL, NULL, NULL, NULL, NULL, NULL, NULL),
(146, 35, 'tyla_la_04060.jpg', 4060, NULL, 0, NULL, NULL, NULL, NULL, NULL, NULL, NULL),
(147, 35, 'tyla_la_04080.jpg', 4080, NULL, 0, NULL, NULL, NULL, NULL, NULL, NULL, NULL),
(148, 35, 'tyla_la_04100.jpg', 4100, NULL, 0, NULL, NULL, NULL, NULL, NULL, NULL, NULL),
(149, 35, 'tyla_la_04120.jpg', 4120, NULL, 0, NULL, NULL, NULL, NULL, NULL, NULL, NULL),
(150, 35, 'tyla_la_04140.jpg', 4140, NULL, 0, NULL, NULL, NULL, NULL, NULL, NULL, NULL),
(151, 35, 'tyla_la_04160.jpg', 4160, NULL, 0, NULL, NULL, NULL, NULL, NULL, NULL, NULL),
(152, 35, 'tyla_la_04180.jpg', 4180, NULL, 0, NULL, NULL, NULL, NULL, NULL, NULL, NULL),
(153, 35, 'tyla_la_04200.jpg', 4200, NULL, 0, NULL, NULL, NULL, NULL, NULL, NULL, NULL),
(154, 35, 'tyla_la_04220.jpg', 4220, NULL, 1, NULL, NULL, NULL, NULL, NULL, NULL, NULL),
(155, 35, 'tyla_la_04240.jpg', 4240, NULL, 0, NULL, NULL, NULL, NULL, NULL, NULL, NULL),
(156, 40, 'tyla_uf_04260.jpg', 4260, NULL, 0, NULL, NULL, NULL, NULL, NULL, NULL, NULL),
(157, 40, 'tyla_uf_04280.jpg', 4280, NULL, 0, NULL, NULL, NULL, NULL, NULL, NULL, NULL),
(158, 40, 'tyla_uf_04300.jpg', 4300, NULL, 0, NULL, NULL, NULL, NULL, NULL, NULL, NULL),
(164, 36, 'tyla_oc_04360.jpg', 4360, NULL, 1, NULL, NULL, NULL, NULL, NULL, NULL, NULL),
(166, 43, 'tyla_op_04400.jpg', 4400, NULL, 1, NULL, NULL, NULL, NULL, NULL, NULL, NULL),
(167, 44, 'tyla_op_04420.jpg', 4420, NULL, 1, NULL, NULL, NULL, NULL, NULL, NULL, NULL),
(168, 38, 'tyla_pc_04440.jpg', 5082, NULL, 0, NULL, NULL, NULL, NULL, NULL, NULL, NULL),
(182, 46, 'nida_nta_04760.jpg', 4760, NULL, 1, NULL, NULL, NULL, NULL, NULL, NULL, NULL),
(170, 18, 'tbuild_t10_04480.jpg', 4480, NULL, 1, NULL, NULL, NULL, NULL, NULL, NULL, NULL),
(171, 26, 'tbuild_t15_04540.jpg', 4540, NULL, 1, NULL, NULL, NULL, NULL, NULL, NULL, NULL),
(172, 28, 'tbuild_t17_04720.jpg', 4720, NULL, 1, NULL, NULL, NULL, NULL, NULL, NULL, NULL),
(173, 29, 'tbuild_t20_04560.jpg', 4560, NULL, 1, NULL, NULL, NULL, NULL, NULL, NULL, NULL),
(174, 30, 'tbuild_t21_04580.jpg', 4580, NULL, 1, NULL, NULL, NULL, NULL, NULL, NULL, NULL),
(175, 49, 'tbuild_t23_04600.jpg', 4600, NULL, 1, NULL, NULL, NULL, NULL, NULL, NULL, NULL),
(192, 39, 'gc_tornio_04920.jpg', 4920, NULL, 1, NULL, NULL, NULL, NULL, NULL, NULL, NULL),
(177, 20, 'tbuild_pv_04640.jpg', 4640, NULL, 1, NULL, NULL, NULL, NULL, NULL, NULL, NULL),
(178, 22, 'tbuild_ts_04680.jpg', 4680, NULL, 1, NULL, NULL, NULL, NULL, NULL, NULL, NULL),
(179, 23, 'tbuild_tt_04700.jpg', 4700, NULL, 1, NULL, NULL, NULL, NULL, NULL, NULL, NULL),
(180, 25, 'tbuild_t14_04520.jpg', 4520, NULL, 0, NULL, NULL, NULL, NULL, NULL, NULL, NULL),
(181, 45, 'nida_np_04740.jpg', 4740, NULL, 1, NULL, NULL, NULL, NULL, NULL, NULL, NULL),
(183, 47, 'nida_ntw_04780.jpg', 4780, NULL, 1, NULL, NULL, NULL, NULL, NULL, NULL, NULL),
(184, 48, 'nida_nty_04800.jpg', 4800, NULL, 1, NULL, NULL, NULL, NULL, NULL, NULL, NULL),
(185, 40, 'tyla_uf_05100.jpg', 1, NULL, 1, NULL, NULL, NULL, NULL, NULL, NULL, NULL),
(186, 34, 'tyla_kf_05000.jpg', 20, NULL, 0, NULL, NULL, NULL, NULL, NULL, NULL, NULL),
(188, 19, 'tbuild_t24_04840.jpg', 4840, NULL, 0, NULL, NULL, NULL, NULL, NULL, NULL, NULL),
(189, 19, 'tbuild_t24_04860.jpg', 4860, NULL, 0, NULL, NULL, NULL, NULL, NULL, NULL, NULL),
(190, 19, 'tbuild_t24_04880.jpg', 4880, NULL, 0, NULL, NULL, NULL, NULL, NULL, NULL, NULL),
(191, 19, 'tbuild_t24_04900.jpg', 4900, NULL, 0, NULL, NULL, NULL, NULL, NULL, NULL, NULL),
(193, 39, 'gc_tornio_04940.jpg', 4940, NULL, 0, NULL, NULL, NULL, NULL, NULL, NULL, NULL),
(194, 39, 'gc_tornio_04960.jpg', 4960, NULL, 0, NULL, NULL, NULL, NULL, NULL, NULL, NULL),
(195, 39, 'gc_tornio_04980.jpg', 4980, NULL, 0, NULL, NULL, NULL, NULL, NULL, NULL, NULL),
(196, 39, 'gc_tornio_05000.jpg', 5000, NULL, 0, NULL, NULL, NULL, NULL, NULL, NULL, NULL),
(197, 39, 'gc_tornio_05020.jpg', 5020, NULL, 0, NULL, NULL, NULL, NULL, NULL, NULL, NULL),
(198, 39, 'gc_tornio_05040.jpg', 5040, NULL, 0, NULL, NULL, NULL, NULL, NULL, NULL, NULL),
(199, 38, 'gc_borkum_05060.jpg', 5060, NULL, 1, NULL, NULL, NULL, NULL, NULL, NULL, NULL),
(200, 38, 'gc_borkum_05080.jpg', 5080, NULL, 0, NULL, NULL, NULL, NULL, NULL, NULL, NULL),
(202, 18, 'tbuild_t10_04740.jpg', 4740, NULL, 0, NULL, NULL, NULL, NULL, NULL, NULL, NULL),
(203, 19, 'tbuild_t24_04760.jpg', 4760, NULL, 0, NULL, NULL, NULL, NULL, NULL, NULL, NULL),
(204, 19, 'tbuild_t24_04780.jpg', 4780, NULL, 0, NULL, NULL, NULL, NULL, NULL, NULL, NULL),
(205, 19, 'tbuild_t24_04800.jpg', 4800, NULL, 0, NULL, NULL, NULL, NULL, NULL, NULL, NULL),
(209, 24, 'tbuild_t12_04880.jpg', 4880, NULL, 0, NULL, NULL, NULL, NULL, NULL, NULL, NULL),
(210, 24, 'tbuild_t12_04900.jpg', 4900, NULL, 0, NULL, NULL, NULL, NULL, NULL, NULL, NULL),
(211, 24, 'tbuild_t12_04920.jpg', 4920, NULL, 0, NULL, NULL, NULL, NULL, NULL, NULL, NULL),
(212, 25, 'tbuild_t14_04940.jpg', 4940, NULL, 0, NULL, NULL, NULL, NULL, NULL, NULL, NULL),
(213, 27, 'tbuild_t17t_04960.jpg', 4960, NULL, 0, NULL, NULL, NULL, NULL, NULL, NULL, NULL),
(214, 27, 'tbuild_t17t_04980.jpg', 4980, NULL, 0, NULL, NULL, NULL, NULL, NULL, NULL, NULL),
(215, 28, 'tbuild_t17_05000.jpg', 5000, NULL, 0, NULL, NULL, NULL, NULL, NULL, NULL, NULL),
(216, 29, 'tbuild_t20_05020.jpg', 5020, NULL, 0, NULL, NULL, NULL, NULL, NULL, NULL, NULL),
(217, 29, 'tbuild_t20_05040.jpg', 5040, NULL, 0, NULL, NULL, NULL, NULL, NULL, NULL, NULL),
(218, 31, 'tbuild_t23_05060.jpg', 5060, NULL, 1, NULL, NULL, NULL, NULL, NULL, NULL, NULL),
(219, 31, 'tbuild_t23_05080.jpg', 5080, NULL, 0, NULL, NULL, NULL, NULL, NULL, NULL, NULL),
(220, 31, 'tbuild_t23_05100.jpg', 5100, NULL, 0, NULL, NULL, NULL, NULL, NULL, NULL, NULL),
(221, 49, 'tbuild_t23_05120.jpg', 5120, NULL, 0, NULL, NULL, NULL, NULL, NULL, NULL, NULL),
(222, 49, 'tbuild_t23_05140.jpg', 5140, NULL, 0, NULL, NULL, NULL, NULL, NULL, NULL, NULL),
(223, 19, 'tbuild_t24_05160.jpg', 5160, NULL, 0, NULL, NULL, NULL, NULL, NULL, NULL, NULL),
(224, 19, 'tbuild_t24_05180.jpg', 5180, NULL, 0, NULL, NULL, NULL, NULL, NULL, NULL, NULL),
(225, 19, 'tbuild_t24_05200.jpg', 5200, NULL, 0, NULL, NULL, NULL, NULL, NULL, NULL, NULL);

-- --------------------------------------------------------

--
-- Table structure for table plans
--

CREATE TABLE plans (
  id int(11) NOT NULL auto_increment,
  product_id int(11) default NULL,
  imgfile varchar(40) NOT NULL default '',
  disporder smallint(6) default NULL,
  title varchar(50) default NULL,
  created_by varchar(50) default NULL,
  created_on date default NULL,
  created_at time default NULL,
  updated_by varchar(50) default NULL,
  updated_on date default NULL,
  updated_at time default NULL,
  PRIMARY KEY  (id)
) ENGINE=MyISAM DEFAULT CHARSET=latin1 COMMENT='Plan Images' AUTO_INCREMENT=59 ;

--
-- Dumping data for table plans
--

INSERT INTO plans (id, product_id, imgfile, disporder, title, created_by, created_on, created_at, updated_by, updated_on, updated_at) VALUES
(1, 32, 'tyla_cg_01.jpg', 10, NULL, NULL, NULL, NULL, NULL, NULL, NULL),
(2, 32, 'tyla_cg_01.jpg', 20, NULL, NULL, NULL, NULL, NULL, NULL, NULL),
(3, 33, 'tyla_ct_01.jpg', 10, NULL, NULL, NULL, NULL, NULL, NULL, NULL),
(4, 33, 'tyla_ct_02.jpg', 20, NULL, NULL, NULL, NULL, NULL, NULL, NULL),
(5, 34, 'tyla_kf_01.jpg', 10, NULL, NULL, NULL, NULL, NULL, NULL, NULL),
(6, 34, 'tyla_kf_02.jpg', 20, NULL, NULL, NULL, NULL, NULL, NULL, NULL),
(7, 34, 'tyla_kf_03.jpg', 30, NULL, NULL, NULL, NULL, NULL, NULL, NULL),
(8, 35, 'tyla_la_01.jpg', 10, NULL, NULL, NULL, NULL, NULL, NULL, NULL),
(9, 35, 'tyla_la_02.jpg', 20, NULL, NULL, NULL, NULL, NULL, NULL, NULL),
(10, 40, 'tyla_uf_01.jpg', 10, NULL, NULL, NULL, NULL, NULL, NULL, NULL),
(11, 40, 'tyla_uf_02.jpg', 20, NULL, NULL, NULL, NULL, NULL, NULL, NULL),
(12, 40, 'tyla_uf_03.jpg', 30, NULL, NULL, NULL, NULL, NULL, NULL, NULL),
(13, 40, 'tyla_uf_04.jpg', 40, NULL, NULL, NULL, NULL, NULL, NULL, NULL),
(14, 5, 'nida_na_01.jpg', 10, NULL, NULL, NULL, NULL, NULL, NULL, NULL),
(15, 4, 'nida_nida_01.jpg', 10, NULL, NULL, NULL, NULL, NULL, NULL, NULL),
(16, 45, 'nida_np_01.jpg', 10, NULL, NULL, NULL, NULL, NULL, NULL, NULL),
(17, 6, 'nida_ns_01.jpg', 10, NULL, NULL, NULL, NULL, NULL, NULL, NULL),
(18, 7, 'nida_nt_01.jpg', 10, NULL, NULL, NULL, NULL, NULL, NULL, NULL),
(19, 46, 'nida_nta_01.jpg', 10, NULL, NULL, NULL, NULL, NULL, NULL, NULL),
(20, 47, 'nida_ntw_01.jpg', 10, NULL, NULL, NULL, NULL, NULL, NULL, NULL),
(21, 47, 'nida_ntw_02.jpg', 20, NULL, NULL, NULL, NULL, NULL, NULL, NULL),
(22, 48, 'nida_nty_01.jpg', 10, NULL, NULL, NULL, NULL, NULL, NULL, NULL),
(23, 9, 'nida_nv_01.jpg', 10, NULL, NULL, NULL, NULL, NULL, NULL, NULL),
(24, 20, 'tbuild_pv_01.jpg', 10, NULL, NULL, NULL, NULL, NULL, NULL, NULL),
(25, 20, 'tbuild_pv_02.jpg', 20, NULL, NULL, NULL, NULL, NULL, NULL, NULL),
(26, 18, 'tbuild_t10_01.jpg', 10, NULL, NULL, NULL, NULL, NULL, NULL, NULL),
(27, 24, 'tbuild_t12_01.jpg', 10, NULL, NULL, NULL, NULL, NULL, NULL, NULL),
(28, 24, 'tbuild_t12_02.jpg', 20, NULL, NULL, NULL, NULL, NULL, NULL, NULL),
(29, 25, 'tbuild_t14_01.jpg', 10, NULL, NULL, NULL, NULL, NULL, NULL, NULL),
(30, 25, 'tbuild_t14_02.jpg', 20, NULL, NULL, NULL, NULL, NULL, NULL, NULL),
(31, 26, 'tbuild_t15_01.jpg', 10, NULL, NULL, NULL, NULL, NULL, NULL, NULL),
(32, 26, 'tbuild_t15_01.jpg', 20, NULL, NULL, NULL, NULL, NULL, NULL, NULL),
(33, 28, 'tbuild_t17_01.jpg', 10, NULL, NULL, NULL, NULL, NULL, NULL, NULL),
(34, 28, 'tbuild_t17_02.jpg', 20, NULL, NULL, NULL, NULL, NULL, NULL, NULL),
(35, 27, 'tbuild_t17t_01.jpg', 10, NULL, NULL, NULL, NULL, NULL, NULL, NULL),
(36, 27, 'tbuild_t17t_02.jpg', 20, NULL, NULL, NULL, NULL, NULL, NULL, NULL),
(37, 29, 'tbuild_t20_01.jpg', 10, NULL, NULL, NULL, NULL, NULL, NULL, NULL),
(38, 29, 'tbuild_t20_02.jpg', 20, NULL, NULL, NULL, NULL, NULL, NULL, NULL),
(39, 30, 'tbuild_t21_01.jpg', 10, NULL, NULL, NULL, NULL, NULL, NULL, NULL),
(40, 30, 'tbuild_t21_02.jpg', 20, NULL, NULL, NULL, NULL, NULL, NULL, NULL),
(41, 31, 'tbuild_t23_01.jpg', 10, NULL, NULL, NULL, NULL, NULL, NULL, NULL),
(42, 31, 'tbuild_t23_02.jpg', 20, NULL, NULL, NULL, NULL, NULL, NULL, NULL),
(43, 19, 'tbuild_t24_01.jpg', 10, NULL, NULL, NULL, NULL, NULL, NULL, NULL),
(44, 19, 'tbuild_t24_02.jpg', 20, NULL, NULL, NULL, NULL, NULL, NULL, NULL),
(45, 21, 'tbuild_tg_01.jpg', 10, NULL, NULL, NULL, NULL, NULL, NULL, NULL),
(46, 21, 'tbuild_tg_02.jpg', 20, NULL, NULL, NULL, NULL, NULL, NULL, NULL),
(47, 22, 'tbuild_ts_01.jpg', 10, NULL, NULL, NULL, NULL, NULL, NULL, NULL),
(48, 23, 'tbuild_tt_01.jpg', 10, NULL, NULL, NULL, NULL, NULL, NULL, NULL),
(49, 36, 'tyla_oc_01.jpg', 10, NULL, NULL, NULL, NULL, NULL, NULL, NULL),
(50, 36, 'tyla_oc_02.jpg', 20, NULL, NULL, NULL, NULL, NULL, NULL, NULL),
(51, 36, 'tyla_oc_03.jpg', 30, NULL, NULL, NULL, NULL, NULL, NULL, NULL),
(52, 37, 'tyla_op_01.jpg', 10, NULL, NULL, NULL, NULL, NULL, NULL, NULL),
(53, 38, 'tyla_pc_01.jpg', 10, NULL, NULL, NULL, NULL, NULL, NULL, NULL),
(54, 38, 'tyla_pc_02.jpg', 20, NULL, NULL, NULL, NULL, NULL, NULL, NULL),
(55, 44, 'tyla_rg_01.jpg', 10, NULL, NULL, NULL, NULL, NULL, NULL, NULL),
(56, 39, 'tyla_sw_01.jpg', 10, NULL, NULL, NULL, NULL, NULL, NULL, NULL),
(57, 39, 'tyla_sw_02.jpg', 20, NULL, NULL, NULL, NULL, NULL, NULL, NULL),
(58, 43, 'tyla_vn_01.jpg', 10, NULL, NULL, NULL, NULL, NULL, NULL, NULL);

-- --------------------------------------------------------

--
-- Table structure for table proddimensions
--

CREATE TABLE proddimensions (
  id int(11) NOT NULL auto_increment,
  product_id int(11) NOT NULL default '0',
  dimension_id int(11) NOT NULL default '0',
  textvalue varchar(255) default NULL,
  numvalue double default NULL,
  created datetime default NULL,
  updated datetime default NULL,
  PRIMARY KEY  (id)
) ENGINE=MyISAM DEFAULT CHARSET=latin1 COMMENT='Product Dimensions' AUTO_INCREMENT=386 ;

--
-- Dumping data for table proddimensions
--

INSERT INTO proddimensions (id, product_id, dimension_id, textvalue, numvalue, created, updated) VALUES
(1, 14, 41, 'Octagonal ? Seating for 8 persons', 8, NULL, NULL),
(2, 14, 3, '0.37 m', 0.37, NULL, NULL),
(3, 14, 4, '40 mm double tongue and groove logs from Red Pine.', 40, NULL, NULL),
(4, 14, 5, 'Decking that can be removed for cleaning.', 0, NULL, NULL),
(5, 14, 6, '20 mm tongue and groove roof boards.', 20, NULL, NULL),
(6, 14, 7, '1 door', 1, NULL, NULL),
(7, 14, 8, '4 windows, double glazed', 4, NULL, NULL),
(8, 15, 41, 'Octagonal ? Seating for 10 persons', 8, NULL, NULL),
(9, 15, 3, '0.37 m', 0.37, NULL, NULL),
(10, 15, 4, '40 mm double tongue and groove logs from Red Pine.', 40, NULL, NULL),
(11, 15, 5, 'Decking that can be removed for cleaning. 3.54m x 3.54m.', 0, NULL, NULL),
(12, 15, 6, '20 mm tongue and groove roof boards.', 20, NULL, NULL),
(13, 15, 42, '3.75 m', 3.75, NULL, NULL),
(14, 15, 7, '1 door at 146/61', 1, NULL, NULL),
(15, 15, 8, '4 windows 62/30, double glazed', 4, NULL, NULL),
(16, 16, 41, 'Octagonal ? Seating for 30 persons', 8, NULL, NULL),
(17, 16, 3, '0.37 m', 0.37, NULL, NULL),
(18, 16, 4, '40 mm double tongue and groove logs from Red Pine. 4.65m x 4.65m', 40, NULL, NULL),
(19, 16, 5, 'Decking that can be removed for cleaning.', 0, NULL, NULL),
(20, 16, 6, '20 mm tongue and groove roof boards.', 20, NULL, NULL),
(21, 16, 42, '4.08 m', 4.08, NULL, NULL),
(22, 16, 7, '1 door', 1, NULL, NULL),
(23, 16, 8, '4 windows (1 window opens), double glazed', 4, NULL, NULL),
(24, 17, 41, '10 Sides ? Seating for 40 persons', 10, NULL, NULL),
(25, 17, 3, '0.37 m', 0.37, NULL, NULL),
(26, 17, 4, '40 mm double tongue and groove logs from Red Pine. 6.00m x 6.05m', 40, NULL, NULL),
(27, 17, 5, 'Decking that can be removed for cleaning.', 0, NULL, NULL),
(28, 17, 6, '20 mm tongue and groove roof boards.', 20, NULL, NULL),
(29, 17, 42, '4.60 m', 4.6, NULL, NULL),
(30, 17, 7, '1 door', 1, NULL, NULL),
(31, 17, 8, '4 windows (1 window opens), double glazed', 4, NULL, NULL),
(32, 14, 9, '', 0, NULL, NULL),
(33, 14, 10, '', 0, NULL, NULL),
(34, 14, 11, '', 0, NULL, NULL),
(35, 14, 12, '', 0, NULL, NULL),
(36, 14, 13, '', 0, NULL, NULL),
(37, 14, 14, '', 0, NULL, NULL),
(38, 14, 15, '', 0, NULL, NULL),
(39, 14, 16, '', 0, NULL, NULL),
(40, 14, 17, '', 0, NULL, NULL),
(41, 14, 18, '', 0, NULL, NULL),
(42, 14, 19, '', 0, NULL, NULL),
(43, 14, 20, '', 0, NULL, NULL),
(44, 14, 21, '', 0, NULL, NULL),
(45, 14, 22, '', 0, NULL, NULL),
(46, 14, 23, '', 0, NULL, NULL),
(47, 14, 24, '', 0, NULL, NULL),
(48, 14, 25, '', 0, NULL, NULL),
(49, 14, 26, '', 0, NULL, NULL),
(50, 14, 27, '', 0, NULL, NULL),
(51, 14, 28, '', 0, NULL, NULL),
(52, 14, 29, '', 0, NULL, NULL),
(53, 14, 30, '', 0, NULL, NULL),
(54, 14, 31, '', 0, NULL, NULL),
(55, 14, 32, '', 0, NULL, NULL),
(56, 14, 33, '', 0, NULL, NULL),
(57, 14, 34, '', 0, NULL, NULL),
(58, 14, 35, '', 0, NULL, NULL),
(59, 14, 36, '', 0, NULL, NULL),
(60, 14, 37, '', 0, NULL, NULL),
(61, 14, 38, '', 0, NULL, NULL),
(62, 14, 39, '', 0, NULL, NULL),
(63, 14, 40, '', 0, NULL, NULL),
(64, 15, 9, '', 0, NULL, NULL),
(65, 15, 10, '', 0, NULL, NULL),
(66, 15, 11, '', 0, NULL, NULL),
(67, 15, 12, '', 0, NULL, NULL),
(68, 15, 13, '', 0, NULL, NULL),
(69, 15, 14, '', 0, NULL, NULL),
(70, 15, 15, '', 0, NULL, NULL),
(71, 15, 16, '', 0, NULL, NULL),
(72, 15, 17, '', 0, NULL, NULL),
(73, 15, 18, '', 0, NULL, NULL),
(74, 15, 19, '', 0, NULL, NULL),
(75, 15, 20, '', 0, NULL, NULL),
(76, 15, 21, '', 0, NULL, NULL),
(77, 15, 22, '', 0, NULL, NULL),
(78, 15, 23, '', 0, NULL, NULL),
(79, 15, 24, '', 0, NULL, NULL),
(80, 15, 25, '', 0, NULL, NULL),
(81, 15, 26, '', 0, NULL, NULL),
(82, 15, 27, '', 0, NULL, NULL),
(83, 15, 28, '', 0, NULL, NULL),
(84, 15, 29, '', 0, NULL, NULL),
(85, 15, 30, '', 0, NULL, NULL),
(86, 15, 31, '', 0, NULL, NULL),
(87, 15, 32, '', 0, NULL, NULL),
(88, 15, 33, '', 0, NULL, NULL),
(89, 15, 34, '', 0, NULL, NULL),
(90, 15, 35, '', 0, NULL, NULL),
(91, 15, 36, '', 0, NULL, NULL),
(92, 15, 37, '', 0, NULL, NULL),
(93, 15, 38, '', 0, NULL, NULL),
(94, 15, 39, '', 0, NULL, NULL),
(95, 15, 40, '', 0, NULL, NULL),
(96, 16, 9, '', 0, NULL, NULL),
(97, 16, 10, '', 0, NULL, NULL),
(98, 16, 11, '', 0, NULL, NULL),
(99, 16, 12, '', 0, NULL, NULL),
(100, 16, 13, '', 0, NULL, NULL),
(101, 16, 14, '', 0, NULL, NULL),
(102, 16, 15, '', 0, NULL, NULL),
(103, 16, 16, '', 0, NULL, NULL),
(104, 16, 17, '', 0, NULL, NULL),
(105, 16, 18, '', 0, NULL, NULL),
(106, 16, 19, '', 0, NULL, NULL),
(107, 16, 20, '', 0, NULL, NULL),
(108, 16, 21, '', 0, NULL, NULL),
(109, 16, 22, '', 0, NULL, NULL),
(110, 16, 23, '', 0, NULL, NULL),
(111, 16, 24, '', 0, NULL, NULL),
(112, 16, 25, '', 0, NULL, NULL),
(113, 16, 26, '', 0, NULL, NULL),
(114, 16, 27, '', 0, NULL, NULL),
(115, 16, 28, '', 0, NULL, NULL),
(116, 16, 29, '', 0, NULL, NULL),
(117, 16, 30, '', 0, NULL, NULL),
(118, 16, 31, '', 0, NULL, NULL),
(119, 16, 32, '', 0, NULL, NULL),
(120, 16, 33, '', 0, NULL, NULL),
(121, 16, 34, '', 0, NULL, NULL),
(122, 16, 35, '', 0, NULL, NULL),
(123, 16, 36, '', 0, NULL, NULL),
(124, 16, 37, '', 0, NULL, NULL),
(125, 16, 38, '', 0, NULL, NULL),
(126, 16, 39, '', 0, NULL, NULL),
(127, 16, 40, '', 0, NULL, NULL),
(128, 17, 9, '', 0, NULL, NULL),
(129, 17, 10, '', 0, NULL, NULL),
(130, 17, 11, '', 0, NULL, NULL),
(131, 17, 12, '', 0, NULL, NULL),
(132, 17, 13, '', 0, NULL, NULL),
(133, 17, 14, '', 0, NULL, NULL),
(134, 17, 15, '', 0, NULL, NULL),
(135, 17, 16, '', 0, NULL, NULL),
(136, 17, 17, '', 0, NULL, NULL),
(137, 17, 18, '', 0, NULL, NULL),
(138, 17, 19, '', 0, NULL, NULL),
(139, 17, 20, '', 0, NULL, NULL),
(140, 17, 21, '', 0, NULL, NULL),
(141, 17, 22, '', 0, NULL, NULL),
(142, 17, 23, '', 0, NULL, NULL),
(143, 17, 24, '', 0, NULL, NULL),
(144, 17, 25, '', 0, NULL, NULL),
(145, 17, 26, '', 0, NULL, NULL),
(146, 17, 27, '', 0, NULL, NULL),
(147, 17, 28, '', 0, NULL, NULL),
(148, 17, 29, '', 0, NULL, NULL),
(149, 17, 30, '', 0, NULL, NULL),
(150, 17, 31, '', 0, NULL, NULL),
(151, 17, 32, '', 0, NULL, NULL),
(152, 17, 33, '', 0, NULL, NULL),
(153, 17, 34, '', 0, NULL, NULL),
(154, 17, 35, '', 0, NULL, NULL),
(155, 17, 36, '', 0, NULL, NULL),
(156, 17, 37, '', 0, NULL, NULL),
(157, 17, 38, '', 0, NULL, NULL),
(158, 17, 39, '', 0, NULL, NULL),
(159, 17, 40, '', 0, NULL, NULL),
(160, 38, 1, '1.5 m', 1.5, NULL, NULL),
(161, 38, 2, '0.2 m', 0.2, NULL, NULL),
(162, 38, 3, '0.3 m', 0.3, NULL, NULL),
(163, 38, 4, '45 mm double tongue and groove logs from Northern Pine', 45, NULL, NULL),
(164, 38, 5, '20 mm tongue and groove floor boards on the impregnated base frame', 20, NULL, NULL),
(165, 38, 43, '1.5 x 3.0 m', 0, NULL, NULL),
(166, 38, 6, '20 mm tongue and groove roof boards on the roof beams', 20, NULL, NULL),
(167, 38, 7, '1 half-glazed door 86/185', 1, NULL, NULL),
(168, 38, 8, '1 80/86 tilt''n''turn unit', 1, NULL, NULL),
(169, 39, 1, '1.0 m', 1, NULL, NULL),
(170, 39, 2, '0.2 m', 0.2, NULL, NULL),
(171, 39, 3, '0.3 m', 0.3, NULL, NULL),
(172, 39, 4, '45 mm double tongue and groove logs', 45, NULL, NULL),
(173, 39, 5, '20 mm tongue and groove floor boards on an impregnated base frame', 20, NULL, NULL),
(174, 39, 6, '20 mm tongue and groove roof boards supported on the 5 roof beams', 20, NULL, NULL),
(175, 39, 7, 'Double-glazed doors', 0, NULL, NULL),
(176, 39, 8, 'Double-glazed tilt''n''turn units', 0, NULL, NULL),
(177, 39, 44, '1m Terrace and hand rail extending full width of Cabin', 1, NULL, NULL),
(178, 32, 4, 'Sturdy 60 mm double tongue and groove from northern fir. 8 tightening bars.', 60, NULL, NULL),
(179, 32, 5, '28 mm internally - tongue and groove boards', 28, NULL, NULL),
(180, 32, 6, '20 mm tongue and groove boards', 20, NULL, NULL),
(181, 32, 46, '2.21 m', 2.21, NULL, NULL),
(182, 32, 47, '3.82 m', 3.82, NULL, NULL),
(183, 32, 48, '61.1 m2 internally', 61.1, NULL, NULL),
(184, 32, 7, '1 unit. 90/200', 1, NULL, NULL),
(185, 32, 45, '5 units 89/200', 5, NULL, NULL),
(186, 32, 8, '5 units 120/94, 1 unit 80/94', 6, NULL, NULL),
(187, 33, 4, 'Sturdy 60 mm double tongue and groove from northern fir. 8 tightening bars.', 60, NULL, NULL),
(188, 33, 5, '28 mm internally, 45mm externally - tongue and groove boards', 28, NULL, NULL),
(189, 33, 6, '20 mm tongue and groove boards', 20, NULL, NULL),
(190, 33, 46, '2.21 m', 2.21, NULL, NULL),
(191, 33, 47, '3.82 m', 3.82, NULL, NULL),
(192, 33, 48, '61.1 m2 internally, 29.3 m2 terrace', 61.1, NULL, NULL),
(193, 33, 7, '1 unit. 90/200, 2 units 140/200', 3, NULL, NULL),
(194, 33, 45, '5 units 89/200', 5, NULL, NULL),
(195, 33, 8, '3 units 120/94, 1 unit 80/94', 4, NULL, NULL),
(196, 34, 1, '0.60 m', 0.6, NULL, NULL),
(197, 34, 2, '0.50 m', 0.5, NULL, NULL),
(198, 34, 3, '0.50 m', 0.5, NULL, NULL),
(199, 34, 4, 'From 45mm walls with double tongue and groove, 4 thread clamping bars', 45, NULL, NULL),
(200, 34, 5, 'From 20 mm tongue and groove on impregnated basic frame', 20, NULL, NULL),
(201, 34, 49, 'From 28 mm tongue and groove', 28, NULL, NULL),
(202, 34, 6, 'From 20 mm tongue and groove on glued purlins', 20, NULL, NULL),
(203, 34, 7, '1 door 90/196, 2 doors 70/196', 3, NULL, NULL),
(204, 34, 8, '5 double-glazed windows', 5, NULL, NULL),
(205, 35, 1, '0.50 m', 0.5, NULL, NULL),
(206, 35, 2, '0.50 m', 0.5, NULL, NULL),
(207, 35, 3, '0.30 m', 0.3, NULL, NULL),
(208, 35, 4, 'From 45 mm (glued 60 and 95 mm) double tongue and groove logs', 45, NULL, NULL),
(209, 35, 5, 'From 20 mm of plane halls on impregnated camp woods', 20, NULL, NULL),
(210, 35, 49, 'From 28 mm of combination halls on glued bars', 28, NULL, NULL),
(211, 35, 46, '2.34 m', 2.34, NULL, NULL),
(212, 35, 47, '3.84 m', 3.84, NULL, NULL),
(213, 35, 7, '1 unit 90/196 with seal, 1 unit 70/196 with seal', 2, NULL, NULL),
(214, 35, 8, '1 double-glazed 170/94 with seal and rungs, 4 double-glazed 80/94 with seal and rungs', 5, NULL, NULL),
(215, 35, 50, 'Space saving stairs with railing.', 0, NULL, NULL),
(216, 40, 1, '0.70 m', 0.7, NULL, NULL),
(217, 40, 2, '0.60 m', 0.6, NULL, NULL),
(218, 40, 3, '0.60 m', 0.6, NULL, NULL),
(219, 40, 4, '60 mm walls with double tongue and groove', 60, NULL, NULL),
(220, 40, 5, '20 mm ? tongue and groove', 20, NULL, NULL),
(221, 40, 6, '20 mm ? tongue and groove', 20, NULL, NULL),
(222, 40, 48, '57 m2 (77m2 including loft area)', 77, NULL, NULL),
(223, 40, 46, '2.86 m', 2.86, NULL, NULL),
(224, 40, 47, '4.61 m', 4.61, NULL, NULL),
(225, 40, 7, '1 door 100/200 half glazed, 2 doors 70/196, 1 Terrace door 140/200', 4, NULL, NULL),
(226, 40, 8, '1 window 150/94, 4 windows 100/94, 1 window 70/94', 6, NULL, NULL),
(227, 40, 50, 'Spruce stairs with railing.', 0, NULL, NULL),
(228, 37, 3, '0.30 m', 0.3, NULL, NULL),
(229, 37, 51, '3.40 m', 3.4, NULL, NULL),
(230, 37, 5, '8 pre-mounted, base sections with 40mm planks.', 40, NULL, NULL),
(231, 37, 6, '8 roof sections made from 20 mm tongue and groove boards.', 20, NULL, NULL),
(232, 37, 41, '8 posts, 7 pre-mounted balustrade sections and 8 pre-mounted roof pelmet sections.', 8, NULL, NULL),
(233, 44, 3, '0.30 m', 0.3, NULL, NULL),
(234, 44, 51, '3.40 m', 3.4, NULL, NULL),
(235, 44, 5, '8 pre-mounted, base sections with 40mm planks.', 40, NULL, NULL),
(236, 44, 6, '8 roof sections made from 20 mm tongue and groove boards.', 20, NULL, NULL),
(237, 44, 41, '8 posts, 7 pre-mounted balustrade sections and 8 pre-mounted roof pelmet sections.', 8, NULL, NULL),
(238, 43, 3, '0.30 m', 0.3, NULL, NULL),
(239, 43, 51, '3.40 m', 3.4, NULL, NULL),
(240, 43, 5, '8 pre-mounted, base sections with 40mm planks.', 40, NULL, NULL),
(241, 43, 6, '8 roof sections made from 20 mm tongue and groove boards.', 20, NULL, NULL),
(242, 43, 41, '8 posts, 7 pre-mounted balustrade sections and 8 pre-mounted roof pelmet sections.', 8, NULL, NULL),
(243, 36, 3, '0.30 m', 0.3, NULL, NULL),
(244, 36, 4, '45 mm double tongue and groove block planks.', 45, NULL, NULL),
(245, 36, 5, '20 mm tongue and groove with impregnated basic frame.', 20, NULL, NULL),
(246, 36, 6, '20 mm roof sections.', 20, NULL, NULL),
(247, 36, 7, '1 glued cartridge door with seal.', 1, NULL, NULL),
(248, 36, 8, '2 Double-Glazed tilt''n''turn windows with seal and rungs.', 2, NULL, NULL),
(249, 4, 1, '0.70 m', 0.7, NULL, NULL),
(250, 4, 2, '0.20 m', 0.2, NULL, NULL),
(251, 4, 3, '0.30 m', 0.3, NULL, NULL),
(252, 4, 4, '45 mm or (60 mm glued) double tongue and groove logs', 45, NULL, NULL),
(253, 4, 5, '20 mm tongue and groove floor boards on the impregnated base frame', 20, NULL, NULL),
(254, 4, 6, '20 mm tongue and groove roof boards', 20, NULL, NULL),
(255, 4, 7, '1 glued cartridge door 90/196 with seal', 1, NULL, NULL),
(256, 4, 8, '1 double-glazed 80/94 tilt''n''turn unit', 1, NULL, NULL),
(257, 5, 1, '0.70 m', 0.7, NULL, NULL),
(258, 5, 2, '0.20 m', 0.2, NULL, NULL),
(259, 5, 3, '0.30 m', 0.3, NULL, NULL),
(260, 5, 4, '45 mm or (60 mm glued) double tongue and groove logs', 45, NULL, NULL),
(261, 5, 5, '20 mm tongue and groove floor boards on the impregnated base frame', 20, NULL, NULL),
(262, 5, 6, '20 mm tongue and groove roof boards', 20, NULL, NULL),
(263, 5, 7, '1 glued cartridge door 90/196 with seal', 1, NULL, NULL),
(264, 5, 8, '1 double-glazed 800/940 tilt''n''turn unit', 1, NULL, NULL),
(265, 45, 1, '0.70 m', 0.7, NULL, NULL),
(266, 45, 2, '0.20 m', 0.2, NULL, NULL),
(267, 45, 3, '0.30 m', 0.3, NULL, NULL),
(268, 45, 4, '45 mm or (60 mm glued) double tongue and groove logs', 45, NULL, NULL),
(269, 45, 5, '20 mm tongue and groove floor boards on the impregnated base frame', 20, NULL, NULL),
(270, 45, 6, '20 mm tongue and groove roof boards', 20, NULL, NULL),
(271, 45, 7, '1 glued cartridge door 140/196 with seal', 1, NULL, NULL),
(272, 45, 8, '2 full length double-glazed 65/198 units', 2, NULL, NULL),
(273, 6, 1, '0.70 m', 0.7, NULL, NULL),
(274, 6, 2, '0.20 m', 0.2, NULL, NULL),
(275, 6, 3, '0.30 m', 0.3, NULL, NULL),
(276, 6, 4, '45 mm or (60 mm glued) double tongue and groove logs', 45, NULL, NULL),
(277, 6, 5, '20 mm tongue and groove floor boards on the impregnated base frame', 20, NULL, NULL),
(278, 6, 6, '20 mm tongue and groove roof boards', 20, NULL, NULL),
(279, 6, 7, '1 glued cartridge door 90/196 with seal', 1, NULL, NULL),
(280, 6, 8, '1 double-glazed 800/940 tilt''n''turn unit', 1, NULL, NULL),
(281, 6, 52, 'Height of shelter supports (H1=1.64 m)', 0, NULL, NULL),
(282, 7, 1, '0.70 m', 0.7, NULL, NULL),
(283, 7, 2, '0.20 m', 0.2, NULL, NULL),
(284, 7, 3, '0.30 m', 0.3, NULL, NULL),
(285, 7, 4, '45 mm or (60 mm glued) double tongue and groove logs', 45, NULL, NULL),
(286, 7, 5, '20 mm tongue and groove floor boards on the impregnated base frame', 20, NULL, NULL),
(287, 7, 6, '20 mm tongue and groove roof boards', 20, NULL, NULL),
(288, 7, 7, '1 glued cartridge door 90/196 with seal', 1, NULL, NULL),
(289, 7, 8, '1 double-glazed 800/940 tilt''n''turn unit', 1, NULL, NULL),
(290, 9, 1, '0.70 m', 0.7, NULL, NULL),
(291, 9, 2, '0.20 m', 0.2, NULL, NULL),
(292, 9, 3, '0.30 m', 0.3, NULL, NULL),
(293, 9, 4, '45 mm or (60 mm glued) double tongue and groove logs', 45, NULL, NULL),
(294, 9, 5, '20 mm tongue and groove floor boards on the impregnated base frame', 20, NULL, NULL),
(295, 9, 6, '20 mm tongue and groove roof boards', 20, NULL, NULL),
(296, 9, 7, '1 glued cartridge door 90/196 with seal', 1, NULL, NULL),
(297, 9, 8, '1 double-glazed 800/940 tilt''n''turn unit', 1, NULL, NULL),
(298, 46, 1, '0.70 m', 0.7, NULL, NULL),
(299, 46, 2, '0.20 m', 0.2, NULL, NULL),
(300, 46, 3, '0.30 m', 0.3, NULL, NULL),
(301, 46, 4, '45 mm or (60 mm glued) double tongue and groove logs', 45, NULL, NULL),
(302, 46, 5, '20 mm tongue and groove floor boards on the impregnated base frame', 20, NULL, NULL),
(303, 46, 6, '20 mm tongue and groove roof boards', 20, NULL, NULL),
(304, 46, 7, '1 glued cartridge doors 90/196 with seal, 1 glued cartridge doors 90/193 with seal', 2, NULL, NULL),
(305, 46, 8, '1 double-glazed 80/94 tilt''n''turn unit', 1, NULL, NULL),
(306, 10, 1, '0.70 m', 0.7, NULL, NULL),
(307, 10, 2, '0.20 m', 0.2, NULL, NULL),
(308, 10, 3, '0.30 m', 0.3, NULL, NULL),
(309, 10, 4, '45 mm or (60 mm glued) double tongue and groove logs', 45, NULL, NULL),
(310, 10, 5, '20 mm tongue and groove floor boards on the impregnated base frame', 20, NULL, NULL),
(311, 10, 6, '20 mm tongue and groove roof boards', 20, NULL, NULL),
(312, 10, 7, '1 glued cartridge doors 90/196 with seal, 1 glued cartridge doors 90/193 with seal', 2, NULL, NULL),
(313, 10, 8, '2 double-glazed 80/94 tilt''n''turn units', 2, NULL, NULL),
(314, 47, 1, '1.10 m', 1.1, NULL, NULL),
(315, 47, 2, '0.20 m', 0.2, NULL, NULL),
(316, 47, 3, '0.30 m', 0.3, NULL, NULL),
(317, 47, 4, 'Both Log Cabin and Pavilion are made from 45 mm double tongue and groove logs', 45, NULL, NULL),
(318, 47, 5, '20 mm tongue and groove floor boards on the impregnated base frame', 20, NULL, NULL),
(319, 47, 6, '20 mm tongue and groove roof boards', 20, NULL, NULL),
(320, 47, 7, '1 glued cartridge door 90/196 with seal', 1, NULL, NULL),
(321, 47, 8, 'Log Cabin - double-glazed 80/94 tilt''n''turn unit, Pavilion - double-glazed 70/94 tilt''n''turn units', 3, NULL, NULL),
(322, 48, 1, '1.10 m', 1.1, NULL, NULL),
(323, 48, 2, '0.20 m', 0.2, NULL, NULL),
(324, 48, 3, '0.30 m', 0.3, NULL, NULL),
(325, 48, 4, '45 mm or (60 mm glued) double tongue and groove logs', 45, NULL, NULL),
(326, 48, 5, '20 mm tongue and groove floor boards on the impregnated base frame', 20, NULL, NULL),
(327, 48, 6, '20 mm tongue and groove roof boards', 20, NULL, NULL),
(328, 48, 7, '1 glued cartridge door 90/196 with seal', 1, NULL, NULL),
(329, 48, 8, '1 double-glazed 120/94 tilt''n''turn unit', 1, NULL, NULL),
(330, 18, 4, 'Sturdy 45 mm double tongue and groove wall boarding from northern fir.', 45, NULL, NULL),
(331, 18, 5, '20 mm tongue and groove floor boards on the impregnated fundament frame. Floor fringes.', 20, NULL, NULL),
(332, 18, 6, '20 mm tongue and groove roof boards on the roof beams. Overhanging canapy - 100 cm. Roof coating is not included in the price.', 20, NULL, NULL),
(333, 18, 7, '1 unit 135/185, two-sided. The doors could be fully glazed, glass on top half or without glass.', 1, NULL, NULL),
(334, 18, 8, '2 tilt''n''turn units 80/88.', 2, NULL, NULL),
(335, 24, 4, 'Sturdy 45 mm double tongue and groove wall boarding from northern fir.', 45, NULL, NULL),
(336, 24, 5, '20 mm tongue and groove floor boards on the impregnated fundament frame. Floor fringes.', 20, NULL, NULL),
(337, 24, 6, '20 mm tongue and groove roof boards on the roof beams. Overhanging canapy - 40 cm. Roof coating is not included in the price.', 20, NULL, NULL),
(338, 24, 7, '1 unit 90/185. 1 unit 85/160. The doors could be fully glazed, glass on top half or without glass.', 2, NULL, NULL),
(339, 24, 8, '2 tilt''n''turn units 80/88.', 2, NULL, NULL),
(340, 25, 4, 'Sturdy 45 mm double tongue and groove wall boarding from northern fir.', 45, NULL, NULL),
(341, 25, 5, '20 mm tongue and groove floor boards on the impregnated fundament frame. Floor fringes.', 20, NULL, NULL),
(342, 25, 6, '20 mm tongue and groove roof boards on the roof beams. Overhanging canapy - 40 cm. Roof coating is not included in the price.', 20, NULL, NULL),
(343, 25, 7, '1 unit 135/185, two-sided. The doors could be fully glazed, glass on top half or without glass.', 2, NULL, NULL),
(344, 26, 4, 'Sturdy 45 mm double tongue and groove wall boarding from northern fir.', 45, NULL, NULL),
(345, 26, 5, '20 mm tongue and groove floor boards on the impregnated fundament frame. Floor fringes.', 20, NULL, NULL),
(346, 26, 6, '20 mm tongue and groove roof boards on the roof beams. Overhanging canapy - 40 cm. Roof coating is not included in the price.', 20, NULL, NULL),
(347, 26, 7, '1 unit 90/185. The doors could be fully glazed, glass on top half or without glass.', 1, NULL, NULL),
(348, 26, 8, '2 tilt''n''turn units 80/88.', 2, NULL, NULL),
(349, 28, 4, 'Sturdy 45 mm double tongue and groove wall boarding from northern fir.', 45, NULL, NULL),
(350, 28, 5, '20 mm tongue and groove floor boards on the impregnated fundament frame. Floor fringes.', 20, NULL, NULL),
(351, 28, 6, '20 mm tongue and groove roof boards on the roof beams. Overhanging canapy - 120 cm. Roof coating is not included in the price.', 20, NULL, NULL),
(352, 28, 7, '1 unit 90/185. The doors could be fully glazed, glass on top half or without glass.', 1, NULL, NULL),
(353, 28, 8, '1 tilt''n''turn unit 80/88.', 1, NULL, NULL),
(354, 27, 4, 'Sturdy 45 mm double tongue and groove wall boarding from northern fir.', 45, NULL, NULL),
(355, 27, 5, '20 mm tongue and groove floor boards on the impregnated fundament frame. Floor fringes.', 20, NULL, NULL),
(356, 27, 6, '20 mm tongue and groove roof boards on the roof beams. Overhanging canapy - 120 cm. Roof coating is not included in the price.', 20, NULL, NULL),
(357, 27, 7, '1 unit 90/185. The doors could be fully glazed, glass on top half or without glass.', 1, NULL, NULL),
(358, 27, 8, '1 tilt''n''turn unit 80/88.', 1, NULL, NULL),
(359, 29, 4, 'Sturdy 30 mm double tongue and groove wall boarding from northern fir.', 30, NULL, NULL),
(360, 29, 5, '20 mm tongue and groove floor boards on the impregnated fundament frame. Floor fringes.', 20, NULL, NULL),
(361, 29, 6, '20 mm tongue and groove roof boards on the roof beams. Roof coating is not included in the price.', 20, NULL, NULL),
(362, 29, 7, '1 unit 135/185. The doors could be fully glazed, glass on top half or without glass.', 1, NULL, NULL),
(363, 29, 8, '1 unit 50/62.', 1, NULL, NULL),
(364, 30, 4, 'Sturdy 30 mm double tongue and groove wall boarding from northern fir.', 30, NULL, NULL),
(365, 30, 5, '20 mm tongue and groove floor boards on the impregnated fundament frame. Floor fringes.', 20, NULL, NULL),
(366, 30, 6, '20 mm tongue and groove roof boards on the roof beams.Overhanging canapy - 40 cm. Roof coating is not included in the price.', 20, NULL, NULL),
(367, 30, 7, '1 unit 135/185. The doors could be fully glazed, glass on top half or without glass.', 1, NULL, NULL),
(368, 30, 8, '1 unit 50/62.', 1, NULL, NULL),
(369, 31, 4, 'Sturdy 30 mm double tongue and groove wall boarding from northern fir.', 30, NULL, NULL),
(370, 31, 5, '20 mm tongue and groove floor boards on the impregnated fundament frame. Floor fringes.', 20, NULL, NULL),
(371, 31, 6, '20 mm tongue and groove roof boards on the roof beams.Overhanging canapy - 40 cm. Roof coating is not included in the price.', 20, NULL, NULL),
(372, 31, 7, '1 unit 135/185. The doors could be fully glazed, glass on top half or without glass.', 1, NULL, NULL),
(373, 19, 4, 'Sturdy 45 mm double tongue and groove wall boarding from northern fir.', 45, NULL, NULL),
(374, 19, 5, '20 mm tongue and groove floor boards on the impregnated fundament frame. Floor fringes.', 20, NULL, NULL),
(375, 19, 6, '20 mm tongue and groove roof boards on the roof beams.Overhanging canapy - 100 cm. Roof coating is not included in the price.', 20, NULL, NULL),
(376, 19, 7, '1 unit 90/195, 1 unit 63/195. The doors could be fully glazed, glass on top half or without glass.', 2, NULL, NULL),
(377, 19, 8, '2 tilt''n''turn units 120/91, 2 units 70/65, 1 unit 70/88.', 5, NULL, NULL),
(380, 23, 43, '20 mm floor boards with inter-board spaces on the impregnated fundament frame. 4 units of fences with railings. It is possible to join to log cabins T12, T14, T15, T17, T23.', 0, NULL, NULL),
(381, 22, 52, 'Beam, attached to log cabin wall, other beam is on two wooden pillars; roof boards, storm protection beams. Roof coating is not included in the price. It is possible to join to log cabins T10, T12, T14, T15, T17, T20, T23.', 0, NULL, NULL),
(382, 49, 4, 'Sturdy 30 mm double tongue and groove wall boarding from northern fir.', 30, NULL, NULL),
(383, 49, 5, '20 mm tongue and groove floor boards on the impregnated fundament frame. Floor fringes.', 20, NULL, NULL),
(384, 49, 6, '20 mm tongue and groove roof boards on the roof beams.Overhanging canapy - 40 cm. Roof coating is not included in the price.', 20, NULL, NULL),
(385, 49, 7, '1 unit 135/185. The doors could be fully glazed, glass on top half or without glass.', 1, NULL, NULL);

-- --------------------------------------------------------

--
-- Table structure for table prodprices
--

CREATE TABLE prodprices (
  id int(11) NOT NULL auto_increment,
  product_id int(11) NOT NULL default '0',
  prodvariation_id int(11) default NULL,
  rangeoption_id int(11) default NULL,
  pivot smallint(6) default NULL,
  price smallint(6) default NULL,
  created_by varchar(50) default NULL,
  created_on date default NULL,
  created_at time default NULL,
  updated_by varchar(50) default NULL,
  updated_on date default NULL,
  updated_at time default NULL,
  PRIMARY KEY  (id)
) ENGINE=MyISAM DEFAULT CHARSET=latin1 COMMENT='Product Prices' AUTO_INCREMENT=810 ;

--
-- Dumping data for table prodprices
--

INSERT INTO prodprices (id, product_id, prodvariation_id, rangeoption_id, pivot, price, created_by, created_on, created_at, updated_by, updated_on, updated_at) VALUES
(651, 7, 28, 2, NULL, 295, NULL, NULL, NULL, NULL, NULL, NULL),
(650, 7, 27, 2, NULL, 270, NULL, NULL, NULL, NULL, NULL, NULL),
(649, 7, 26, 2, NULL, 270, NULL, NULL, NULL, NULL, NULL, NULL),
(648, 7, 25, 2, NULL, 238, NULL, NULL, NULL, NULL, NULL, NULL),
(647, 7, 24, 2, NULL, 194, NULL, NULL, NULL, NULL, NULL, NULL),
(646, 7, 23, 2, NULL, 194, NULL, NULL, NULL, NULL, NULL, NULL),
(645, 7, 22, 2, NULL, 145, NULL, NULL, NULL, NULL, NULL, NULL),
(644, 6, 21, 2, NULL, 275, NULL, NULL, NULL, NULL, NULL, NULL),
(643, 6, 20, 2, NULL, 243, NULL, NULL, NULL, NULL, NULL, NULL),
(642, 6, 19, 2, NULL, 243, NULL, NULL, NULL, NULL, NULL, NULL),
(641, 6, 18, 2, NULL, 170, NULL, NULL, NULL, NULL, NULL, NULL),
(640, 6, 17, 2, NULL, 170, NULL, NULL, NULL, NULL, NULL, NULL),
(639, 6, 16, 2, NULL, 170, NULL, NULL, NULL, NULL, NULL, NULL),
(638, 6, 15, 2, NULL, 146, NULL, NULL, NULL, NULL, NULL, NULL),
(637, 5, 7, 2, NULL, 275, NULL, NULL, NULL, NULL, NULL, NULL),
(636, 5, 6, 2, NULL, 243, NULL, NULL, NULL, NULL, NULL, NULL),
(635, 5, 5, 2, NULL, 243, NULL, NULL, NULL, NULL, NULL, NULL),
(634, 5, 4, 2, NULL, 170, NULL, NULL, NULL, NULL, NULL, NULL),
(633, 5, 3, 2, NULL, 170, NULL, NULL, NULL, NULL, NULL, NULL),
(632, 5, 2, 2, NULL, 170, NULL, NULL, NULL, NULL, NULL, NULL),
(631, 5, 1, 2, NULL, 146, NULL, NULL, NULL, NULL, NULL, NULL),
(630, 4, 9, 2, NULL, 145, NULL, NULL, NULL, NULL, NULL, NULL),
(629, 4, 8, 2, NULL, 121, NULL, NULL, NULL, NULL, NULL, NULL),
(628, 4, 14, 2, NULL, 250, NULL, NULL, NULL, NULL, NULL, NULL),
(627, 4, 13, 2, NULL, 218, NULL, NULL, NULL, NULL, NULL, NULL),
(626, 4, 12, 2, NULL, 218, NULL, NULL, NULL, NULL, NULL, NULL),
(625, 4, 11, 2, NULL, 145, NULL, NULL, NULL, NULL, NULL, NULL),
(624, 4, 10, 2, NULL, 145, NULL, NULL, NULL, NULL, NULL, NULL),
(793, 9, 97, 2, NULL, 238, NULL, NULL, NULL, NULL, NULL, NULL),
(792, 9, 96, 2, NULL, 270, NULL, NULL, NULL, NULL, NULL, NULL),
(791, 9, 95, 2, NULL, 270, NULL, NULL, NULL, NULL, NULL, NULL),
(790, 9, 94, 2, NULL, 295, NULL, NULL, NULL, NULL, NULL, NULL),
(789, 46, 93, NULL, 45, 2911, NULL, NULL, NULL, NULL, NULL, NULL),
(788, 46, 92, NULL, 45, 3330, NULL, NULL, NULL, NULL, NULL, NULL),
(787, 46, 91, NULL, 45, 3330, NULL, NULL, NULL, NULL, NULL, NULL),
(786, 46, 90, NULL, 45, 3892, NULL, NULL, NULL, NULL, NULL, NULL),
(785, 46, 89, NULL, 45, 4283, NULL, NULL, NULL, NULL, NULL, NULL),
(784, 46, 88, NULL, 45, 4283, NULL, NULL, NULL, NULL, NULL, NULL),
(783, 46, 87, NULL, 45, 4690, NULL, NULL, NULL, NULL, NULL, NULL),
(782, 46, 90, NULL, 60, 4792, NULL, NULL, NULL, NULL, NULL, NULL),
(781, 46, 89, NULL, 60, 5172, NULL, NULL, NULL, NULL, NULL, NULL),
(780, 46, 88, NULL, 60, 5172, NULL, NULL, NULL, NULL, NULL, NULL),
(779, 46, 87, NULL, 60, 5580, NULL, NULL, NULL, NULL, NULL, NULL),
(778, 46, 93, 2, NULL, 170, NULL, NULL, NULL, NULL, NULL, NULL),
(777, 46, 92, 2, NULL, 219, NULL, NULL, NULL, NULL, NULL, NULL),
(776, 46, 91, 2, NULL, 219, NULL, NULL, NULL, NULL, NULL, NULL),
(775, 46, 90, 2, NULL, 238, NULL, NULL, NULL, NULL, NULL, NULL),
(774, 46, 89, 2, NULL, 295, NULL, NULL, NULL, NULL, NULL, NULL),
(773, 46, 88, 2, NULL, 295, NULL, NULL, NULL, NULL, NULL, NULL),
(772, 46, 87, 2, NULL, 320, NULL, NULL, NULL, NULL, NULL, NULL),
(771, 10, 86, 2, NULL, 195, NULL, NULL, NULL, NULL, NULL, NULL),
(770, 10, 86, NULL, 60, 4780, NULL, NULL, NULL, NULL, NULL, NULL),
(769, 10, 86, NULL, 45, 4199, NULL, NULL, NULL, NULL, NULL, NULL),
(768, 48, 85, NULL, 45, 2660, NULL, NULL, NULL, NULL, NULL, NULL),
(767, 45, 84, NULL, 45, 2479, NULL, NULL, NULL, NULL, NULL, NULL),
(766, 45, 83, NULL, 45, 2963, NULL, NULL, NULL, NULL, NULL, NULL),
(765, 45, 82, NULL, 45, 2963, NULL, NULL, NULL, NULL, NULL, NULL),
(764, 45, 81, NULL, 45, 3352, NULL, NULL, NULL, NULL, NULL, NULL),
(763, 45, 80, NULL, 45, 3720, NULL, NULL, NULL, NULL, NULL, NULL),
(762, 45, 79, NULL, 45, 3665, NULL, NULL, NULL, NULL, NULL, NULL),
(761, 45, 78, NULL, 45, 4071, NULL, NULL, NULL, NULL, NULL, NULL),
(760, 45, 81, NULL, 60, 4006, NULL, NULL, NULL, NULL, NULL, NULL),
(759, 45, 80, NULL, 60, 4399, NULL, NULL, NULL, NULL, NULL, NULL),
(758, 45, 79, NULL, 60, 4334, NULL, NULL, NULL, NULL, NULL, NULL),
(757, 45, 78, NULL, 60, 5280, NULL, NULL, NULL, NULL, NULL, NULL),
(756, 45, 84, 2, NULL, 121, NULL, NULL, NULL, NULL, NULL, NULL),
(755, 45, 83, 2, NULL, 145, NULL, NULL, NULL, NULL, NULL, NULL),
(754, 45, 82, 2, NULL, 145, NULL, NULL, NULL, NULL, NULL, NULL),
(753, 45, 81, 2, NULL, 145, NULL, NULL, NULL, NULL, NULL, NULL),
(752, 45, 80, 2, NULL, 218, NULL, NULL, NULL, NULL, NULL, NULL),
(751, 45, 79, 2, NULL, 218, NULL, NULL, NULL, NULL, NULL, NULL),
(750, 45, 78, 2, NULL, 250, NULL, NULL, NULL, NULL, NULL, NULL),
(579, 7, 28, NULL, 60, 5114, NULL, NULL, NULL, NULL, NULL, NULL),
(578, 7, 27, NULL, 60, 4481, NULL, NULL, NULL, NULL, NULL, NULL),
(577, 7, 26, NULL, 60, 4232, NULL, NULL, NULL, NULL, NULL, NULL),
(576, 7, 25, NULL, 60, 4068, NULL, NULL, NULL, NULL, NULL, NULL),
(575, 6, 21, NULL, 60, 4578, NULL, NULL, NULL, NULL, NULL, NULL),
(574, 6, 20, NULL, 60, 4019, NULL, NULL, NULL, NULL, NULL, NULL),
(573, 6, 19, NULL, 60, 4019, NULL, NULL, NULL, NULL, NULL, NULL),
(572, 6, 18, NULL, 60, 3622, NULL, NULL, NULL, NULL, NULL, NULL),
(571, 5, 7, NULL, 60, 5433, NULL, NULL, NULL, NULL, NULL, NULL),
(570, 5, 6, NULL, 60, 4875, NULL, NULL, NULL, NULL, NULL, NULL),
(569, 5, 5, NULL, 60, 4675, NULL, NULL, NULL, NULL, NULL, NULL),
(568, 5, 4, NULL, 60, 4462, NULL, NULL, NULL, NULL, NULL, NULL),
(567, 4, 14, NULL, 60, 4324, NULL, NULL, NULL, NULL, NULL, NULL),
(566, 4, 13, NULL, 60, 3765, NULL, NULL, NULL, NULL, NULL, NULL),
(565, 4, 12, NULL, 60, 3447, NULL, NULL, NULL, NULL, NULL, NULL),
(564, 4, 11, NULL, 60, 3383, NULL, NULL, NULL, NULL, NULL, NULL),
(563, 7, 28, NULL, 45, 4084, NULL, NULL, NULL, NULL, NULL, NULL),
(562, 7, 27, NULL, 45, 3632, NULL, NULL, NULL, NULL, NULL, NULL),
(561, 7, 26, NULL, 45, 3746, NULL, NULL, NULL, NULL, NULL, NULL),
(560, 7, 25, NULL, 45, 3304, NULL, NULL, NULL, NULL, NULL, NULL),
(559, 7, 24, NULL, 45, 2692, NULL, NULL, NULL, NULL, NULL, NULL),
(558, 7, 23, NULL, 45, 2869, NULL, NULL, NULL, NULL, NULL, NULL),
(557, 7, 22, NULL, 45, 2363, NULL, NULL, NULL, NULL, NULL, NULL),
(556, 6, 21, NULL, 45, 3612, NULL, NULL, NULL, NULL, NULL, NULL),
(555, 6, 20, NULL, 45, 3232, NULL, NULL, NULL, NULL, NULL, NULL),
(554, 6, 19, NULL, 45, 3263, NULL, NULL, NULL, NULL, NULL, NULL),
(553, 6, 18, NULL, 45, 2914, NULL, NULL, NULL, NULL, NULL, NULL),
(552, 6, 17, NULL, 45, 2520, NULL, NULL, NULL, NULL, NULL, NULL),
(551, 6, 16, NULL, 45, 2520, NULL, NULL, NULL, NULL, NULL, NULL),
(550, 6, 15, NULL, 45, 2114, NULL, NULL, NULL, NULL, NULL, NULL),
(549, 5, 7, NULL, 45, 4262, NULL, NULL, NULL, NULL, NULL, NULL),
(548, 5, 6, NULL, 45, 3884, NULL, NULL, NULL, NULL, NULL, NULL),
(547, 5, 5, NULL, 45, 3899, NULL, NULL, NULL, NULL, NULL, NULL),
(546, 5, 4, NULL, 45, 3550, NULL, NULL, NULL, NULL, NULL, NULL),
(545, 5, 3, NULL, 45, 3157, NULL, NULL, NULL, NULL, NULL, NULL),
(544, 5, 2, NULL, 45, 3031, NULL, NULL, NULL, NULL, NULL, NULL),
(543, 5, 1, NULL, 45, 2658, NULL, NULL, NULL, NULL, NULL, NULL),
(542, 4, 9, NULL, 45, 2281, NULL, NULL, NULL, NULL, NULL, NULL),
(541, 4, 8, NULL, 45, 1909, NULL, NULL, NULL, NULL, NULL, NULL),
(540, 4, 14, NULL, 45, 3358, NULL, NULL, NULL, NULL, NULL, NULL),
(539, 4, 13, NULL, 45, 2978, NULL, NULL, NULL, NULL, NULL, NULL),
(538, 4, 12, NULL, 45, 3024, NULL, NULL, NULL, NULL, NULL, NULL),
(537, 4, 11, NULL, 45, 2675, NULL, NULL, NULL, NULL, NULL, NULL),
(536, 4, 10, NULL, 45, 2281, NULL, NULL, NULL, NULL, NULL, NULL),
(535, 4, NULL, 6, NULL, 267, NULL, NULL, NULL, NULL, NULL, NULL),
(534, 4, NULL, 5, NULL, 159, NULL, NULL, NULL, NULL, NULL, NULL),
(533, 4, NULL, 4, NULL, 124, NULL, NULL, NULL, NULL, NULL, NULL),
(532, 4, NULL, 3, NULL, 83, NULL, NULL, NULL, NULL, NULL, NULL),
(531, 7, NULL, 6, NULL, 267, NULL, NULL, NULL, NULL, NULL, NULL),
(530, 7, NULL, 5, NULL, 159, NULL, NULL, NULL, NULL, NULL, NULL),
(529, 7, NULL, 4, NULL, 124, NULL, NULL, NULL, NULL, NULL, NULL),
(528, 7, NULL, 3, NULL, 83, NULL, NULL, NULL, NULL, NULL, NULL),
(527, 6, NULL, 6, NULL, 267, NULL, NULL, NULL, NULL, NULL, NULL),
(526, 6, NULL, 5, NULL, 159, NULL, NULL, NULL, NULL, NULL, NULL),
(525, 6, NULL, 4, NULL, 124, NULL, NULL, NULL, NULL, NULL, NULL),
(524, 6, NULL, 3, NULL, 83, NULL, NULL, NULL, NULL, NULL, NULL),
(523, 5, NULL, 6, NULL, 267, NULL, NULL, NULL, NULL, NULL, NULL),
(522, 5, NULL, 5, NULL, 159, NULL, NULL, NULL, NULL, NULL, NULL),
(521, 5, NULL, 4, NULL, 124, NULL, NULL, NULL, NULL, NULL, NULL),
(520, 5, NULL, 3, NULL, 83, NULL, NULL, NULL, NULL, NULL, NULL),
(652, 14, 57, NULL, 40, 4800, NULL, NULL, NULL, NULL, NULL, NULL),
(653, 15, 58, NULL, 40, 5675, NULL, NULL, NULL, NULL, NULL, NULL),
(654, 16, 59, NULL, 40, 9200, NULL, NULL, NULL, NULL, NULL, NULL),
(655, 17, 60, NULL, 40, 14700, NULL, NULL, NULL, NULL, NULL, NULL),
(656, 18, 29, NULL, 45, 1742, NULL, NULL, NULL, NULL, NULL, NULL),
(657, 19, 38, NULL, 45, 3242, NULL, NULL, NULL, NULL, NULL, NULL),
(658, 20, 70, NULL, NULL, 727, NULL, NULL, NULL, NULL, NULL, NULL),
(659, 21, 61, NULL, 45, 2025, NULL, NULL, NULL, NULL, NULL, NULL),
(660, 22, 39, NULL, NULL, 161, NULL, NULL, NULL, NULL, NULL, NULL),
(661, 23, 40, NULL, NULL, 223, NULL, NULL, NULL, NULL, NULL, NULL),
(662, 24, 30, NULL, 45, 1863, NULL, NULL, NULL, NULL, NULL, NULL),
(663, 25, 31, NULL, 45, 1215, NULL, NULL, NULL, NULL, NULL, NULL),
(664, 26, 32, NULL, 45, 1315, NULL, NULL, NULL, NULL, NULL, NULL),
(665, 27, 34, NULL, 45, 1519, NULL, NULL, NULL, NULL, NULL, NULL),
(666, 28, 33, NULL, 45, 1296, NULL, NULL, NULL, NULL, NULL, NULL),
(667, 29, 35, NULL, 30, 724, NULL, NULL, NULL, NULL, NULL, NULL),
(668, 30, 36, NULL, 30, 620, NULL, NULL, NULL, NULL, NULL, NULL),
(669, 31, 37, NULL, 30, 1034, NULL, NULL, NULL, NULL, NULL, NULL),
(670, 32, 52, NULL, 60, 12522, NULL, NULL, NULL, NULL, NULL, NULL),
(671, 32, 52, NULL, 95, -1, NULL, NULL, NULL, NULL, NULL, NULL),
(672, 33, 53, NULL, 60, 14100, NULL, NULL, NULL, NULL, NULL, NULL),
(673, 33, 53, NULL, 95, -1, NULL, NULL, NULL, NULL, NULL, NULL),
(674, 34, 54, NULL, 45, 6645, NULL, NULL, NULL, NULL, NULL, NULL),
(675, 34, 54, NULL, 60, 8765, NULL, NULL, NULL, NULL, NULL, NULL),
(676, 35, 55, NULL, 45, 4968, NULL, NULL, NULL, NULL, NULL, NULL),
(677, 35, 55, NULL, 60, 6919, NULL, NULL, NULL, NULL, NULL, NULL),
(678, 35, 55, NULL, 95, 9868, NULL, NULL, NULL, NULL, NULL, NULL),
(679, 36, 71, NULL, 45, 2250, NULL, NULL, NULL, NULL, NULL, NULL),
(680, 36, 72, NULL, 45, 2500, NULL, NULL, NULL, NULL, NULL, NULL),
(681, 36, 73, NULL, 45, 3300, NULL, NULL, NULL, NULL, NULL, NULL),
(682, 36, 74, NULL, 45, 2330, NULL, NULL, NULL, NULL, NULL, NULL),
(683, 36, 75, NULL, 45, 2600, NULL, NULL, NULL, NULL, NULL, NULL),
(684, 36, 76, NULL, 45, 3415, NULL, NULL, NULL, NULL, NULL, NULL),
(685, 37, 67, NULL, NULL, 1675, NULL, NULL, NULL, NULL, NULL, NULL),
(686, 38, 62, NULL, 45, 1660, NULL, NULL, NULL, NULL, NULL, NULL),
(687, 39, 63, NULL, 45, 2319, NULL, NULL, NULL, NULL, NULL, NULL),
(688, 39, 64, NULL, 45, 2488, NULL, NULL, NULL, NULL, NULL, NULL),
(689, 39, 65, NULL, 45, 2505, NULL, NULL, NULL, NULL, NULL, NULL),
(690, 39, 66, NULL, 45, 3571, NULL, NULL, NULL, NULL, NULL, NULL),
(691, 40, 56, NULL, 60, 11354, NULL, NULL, NULL, NULL, NULL, NULL),
(692, 40, 56, NULL, 95, 15054, NULL, NULL, NULL, NULL, NULL, NULL),
(693, 43, 69, NULL, NULL, 1995, NULL, NULL, NULL, NULL, NULL, NULL),
(694, 44, 68, NULL, NULL, 1910, NULL, NULL, NULL, NULL, NULL, NULL),
(696, 32, 52, 7, NULL, 427, NULL, NULL, NULL, NULL, NULL, NULL),
(697, 33, 53, 7, NULL, 427, NULL, NULL, NULL, NULL, NULL, NULL),
(698, 34, 54, 7, NULL, 427, NULL, NULL, NULL, NULL, NULL, NULL),
(699, 35, 55, 7, NULL, 335, NULL, NULL, NULL, NULL, NULL, NULL),
(700, 14, 57, 10, NULL, 250, NULL, NULL, NULL, NULL, NULL, NULL),
(701, 15, 58, 10, NULL, 250, NULL, NULL, NULL, NULL, NULL, NULL),
(702, 16, 59, 10, NULL, -2, NULL, NULL, NULL, NULL, NULL, NULL),
(703, 17, 60, 10, NULL, -2, NULL, NULL, NULL, NULL, NULL, NULL),
(704, 14, 57, 11, NULL, -1, NULL, NULL, NULL, NULL, NULL, NULL),
(705, 15, 58, 11, NULL, -1, NULL, NULL, NULL, NULL, NULL, NULL),
(706, 16, 59, 11, NULL, -1, NULL, NULL, NULL, NULL, NULL, NULL),
(707, 17, 60, 11, NULL, -1, NULL, NULL, NULL, NULL, NULL, NULL),
(708, 39, 77, NULL, 45, 3197, NULL, NULL, NULL, NULL, NULL, NULL),
(709, 38, 62, 8, NULL, 150, NULL, NULL, NULL, NULL, NULL, NULL),
(710, 39, 63, 8, NULL, 150, NULL, NULL, NULL, NULL, NULL, NULL),
(711, 39, 64, 8, NULL, 190, NULL, NULL, NULL, NULL, NULL, NULL),
(712, 39, 65, 8, NULL, 240, NULL, NULL, NULL, NULL, NULL, NULL),
(713, 39, 77, 8, NULL, 300, NULL, NULL, NULL, NULL, NULL, NULL),
(714, 39, 66, 8, NULL, 375, NULL, NULL, NULL, NULL, NULL, NULL),
(715, 39, 63, 11, NULL, 300, NULL, NULL, NULL, NULL, NULL, NULL),
(716, 39, 64, 11, NULL, 350, NULL, NULL, NULL, NULL, NULL, NULL),
(717, 39, 65, 11, NULL, 400, NULL, NULL, NULL, NULL, NULL, NULL),
(718, 39, 77, 11, NULL, 500, NULL, NULL, NULL, NULL, NULL, NULL),
(719, 39, 66, 11, NULL, 600, NULL, NULL, NULL, NULL, NULL, NULL),
(720, 39, 63, 13, NULL, 138, NULL, NULL, NULL, NULL, NULL, NULL),
(721, 39, 64, 13, NULL, 170, NULL, NULL, NULL, NULL, NULL, NULL),
(722, 39, 65, 13, NULL, 170, NULL, NULL, NULL, NULL, NULL, NULL),
(723, 39, 77, 13, NULL, 170, NULL, NULL, NULL, NULL, NULL, NULL),
(724, 39, 66, 13, NULL, 218, NULL, NULL, NULL, NULL, NULL, NULL),
(725, 37, 67, 8, NULL, 180, NULL, NULL, NULL, NULL, NULL, NULL),
(726, 44, 68, 8, NULL, 180, NULL, NULL, NULL, NULL, NULL, NULL),
(727, 43, 69, 8, NULL, 180, NULL, NULL, NULL, NULL, NULL, NULL),
(728, 36, 71, 8, NULL, 160, NULL, NULL, NULL, NULL, NULL, NULL),
(729, 36, 72, 8, NULL, 180, NULL, NULL, NULL, NULL, NULL, NULL),
(730, 36, 73, 8, NULL, 245, NULL, NULL, NULL, NULL, NULL, NULL),
(731, 36, 74, 8, NULL, 160, NULL, NULL, NULL, NULL, NULL, NULL),
(732, 36, 75, 8, NULL, 180, NULL, NULL, NULL, NULL, NULL, NULL),
(733, 36, 76, 8, NULL, 245, NULL, NULL, NULL, NULL, NULL, NULL),
(734, 37, 67, 14, NULL, 505, NULL, NULL, NULL, NULL, NULL, NULL),
(735, 44, 68, 14, NULL, 505, NULL, NULL, NULL, NULL, NULL, NULL),
(736, 43, 69, 14, NULL, 505, NULL, NULL, NULL, NULL, NULL, NULL),
(737, 36, 71, 14, NULL, 470, NULL, NULL, NULL, NULL, NULL, NULL),
(738, 36, 72, 14, NULL, 505, NULL, NULL, NULL, NULL, NULL, NULL),
(739, 36, 73, 14, NULL, 580, NULL, NULL, NULL, NULL, NULL, NULL),
(740, 36, 74, 14, NULL, 470, NULL, NULL, NULL, NULL, NULL, NULL),
(741, 36, 75, 14, NULL, 505, NULL, NULL, NULL, NULL, NULL, NULL),
(742, 36, 76, 14, NULL, 580, NULL, NULL, NULL, NULL, NULL, NULL),
(743, 20, 70, 15, NULL, 91, NULL, NULL, NULL, NULL, NULL, NULL),
(744, 36, 71, 9, NULL, 120, NULL, NULL, NULL, NULL, NULL, NULL),
(745, 36, 72, 9, NULL, 130, NULL, NULL, NULL, NULL, NULL, NULL),
(746, 36, 73, 9, NULL, 140, NULL, NULL, NULL, NULL, NULL, NULL),
(747, 36, 74, 9, NULL, 145, NULL, NULL, NULL, NULL, NULL, NULL),
(748, 36, 75, 9, NULL, 165, NULL, NULL, NULL, NULL, NULL, NULL),
(749, 36, 76, 9, NULL, 170, NULL, NULL, NULL, NULL, NULL, NULL),
(794, 9, 98, 2, NULL, 194, NULL, NULL, NULL, NULL, NULL, NULL),
(795, 9, 99, 2, NULL, 194, NULL, NULL, NULL, NULL, NULL, NULL),
(796, 9, 100, 2, NULL, 145, NULL, NULL, NULL, NULL, NULL, NULL),
(797, 9, 94, NULL, 60, 4802, NULL, NULL, NULL, NULL, NULL, NULL),
(798, 9, 95, NULL, 60, 4310, NULL, NULL, NULL, NULL, NULL, NULL),
(799, 9, 96, NULL, 60, 4410, NULL, NULL, NULL, NULL, NULL, NULL),
(800, 9, 97, NULL, 60, 3710, NULL, NULL, NULL, NULL, NULL, NULL),
(801, 9, 94, NULL, 45, 4202, NULL, NULL, NULL, NULL, NULL, NULL),
(802, 9, 95, NULL, 45, 3529, NULL, NULL, NULL, NULL, NULL, NULL),
(803, 9, 96, NULL, 45, 3620, NULL, NULL, NULL, NULL, NULL, NULL),
(804, 9, 97, NULL, 45, 2912, NULL, NULL, NULL, NULL, NULL, NULL),
(805, 9, 98, NULL, 45, 2465, NULL, NULL, NULL, NULL, NULL, NULL),
(806, 9, 99, NULL, 45, 2545, NULL, NULL, NULL, NULL, NULL, NULL),
(807, 9, 100, NULL, 45, 2080, NULL, NULL, NULL, NULL, NULL, NULL),
(808, 47, 101, NULL, 45, 4690, NULL, NULL, NULL, NULL, NULL, NULL),
(809, 49, 102, NULL, 30, 1034, NULL, NULL, NULL, NULL, NULL, NULL);

-- --------------------------------------------------------

--
-- Table structure for table prodranges
--

CREATE TABLE prodranges (
  id int(11) NOT NULL auto_increment,
  range varchar(50) default NULL,
  category_id int(11) NOT NULL default '0',
  disporder tinyint(4) default NULL,
  short_text varchar(255) default NULL,
  long_text mediumtext,
  created_by varchar(50) default NULL,
  created_on date default NULL,
  created_at time default NULL,
  updated_by varchar(50) default NULL,
  updated_on date default NULL,
  updated_at time default NULL,
  PRIMARY KEY  (id)
) ENGINE=MyISAM DEFAULT CHARSET=latin1 COMMENT='Product Ranges' AUTO_INCREMENT=12 ;

--
-- Dumping data for table prodranges
--

INSERT INTO prodranges (id, range, category_id, disporder, short_text, long_text, created_by, created_on, created_at, updated_by, updated_on, updated_at) VALUES
(4, 'Standard Cabins', 2, 10, NULL, NULL, NULL, NULL, NULL, NULL, NULL, NULL),
(5, 'Premier Cabins', 2, 20, NULL, NULL, NULL, NULL, NULL, NULL, NULL, NULL),
(6, 'Holiday Houses', 2, 30, NULL, NULL, NULL, NULL, NULL, NULL, NULL, NULL),
(7, 'Kota', 1, 1, NULL, NULL, NULL, NULL, NULL, NULL, NULL, NULL),
(8, 'Summerhouses', 3, 1, NULL, NULL, NULL, NULL, NULL, NULL, NULL, NULL),
(9, 'Garages', 2, 50, NULL, NULL, NULL, NULL, NULL, NULL, NULL, NULL),
(10, 'Custom Cabins', 2, 60, NULL, NULL, NULL, NULL, NULL, NULL, NULL, NULL),
(11, 'Pavilions', 2, 40, NULL, NULL, NULL, NULL, NULL, NULL, NULL, NULL);

-- --------------------------------------------------------

--
-- Table structure for table products
--

CREATE TABLE products (
  id int(11) NOT NULL auto_increment,
  product varchar(50) default NULL,
  htmlname varchar(255) default NULL,
  prodrange_id int(11) NOT NULL default '0',
  brochure varchar(50) default NULL,
  disporder smallint(6) default NULL,
  short_text varchar(255) default NULL,
  long_text mediumtext,
  created_by varchar(50) default NULL,
  created datetime default NULL,
  created_at time default NULL,
  updated_by varchar(50) default NULL,
  updated datetime default NULL,
  updated_at time default NULL,
  PRIMARY KEY  (id)
) ENGINE=MyISAM DEFAULT CHARSET=latin1 COMMENT='Products' AUTO_INCREMENT=50 ;

--
-- Dumping data for table products
--

INSERT INTO products (id, product, htmlname, prodrange_id, brochure, disporder, short_text, long_text, created_by, created, created_at, updated_by, updated, updated_at) VALUES
(4, 'Nida', NULL, 5, 'nida_nida.pdf', 10, '', 'Roof projection: Front 0.70 m\r\nBack 0.20 m\r\nSide 0.30 m\r\nWalls: 45 mm or (60 mm glued) double tongue and groove logs\r\nFloor: 20 mm tongue and groove floor boards on the impregnated base frame\r\nRoof: 20 mm tongue and groove roof boards\r\nDoor: 1 glued cartridge door 90/196 with seal\r\nWindows: 2 double-glazed 80/94 tilt ânâ turn units', NULL, NULL, NULL, NULL, '2006-07-05 01:13:24', NULL),
(5, 'Nida A', NULL, 5, 'nida_na.pdf', 20, NULL, NULL, NULL, NULL, NULL, NULL, NULL, NULL),
(6, 'Nida S', NULL, 5, 'nida_ns.pdf', 40, NULL, NULL, NULL, NULL, NULL, NULL, NULL, NULL),
(7, 'Nida T', NULL, 5, 'nida_nt.pdf', 50, NULL, NULL, NULL, NULL, NULL, NULL, NULL, NULL),
(9, 'Nida V', NULL, 5, 'nida_nv.pdf', 70, NULL, NULL, NULL, NULL, NULL, NULL, NULL, NULL),
(10, 'Nida TAS', NULL, 5, 'nida_ntas.pdf', 80, 'Nida.', '', NULL, NULL, NULL, NULL, '2006-07-05 00:51:19', NULL),
(33, 'Cottage with Terrace', NULL, 6, 'tyla_ct.pdf', 20, '', '', NULL, NULL, NULL, NULL, '2006-07-05 01:03:05', NULL),
(32, 'Cottage', NULL, 6, 'tyla_cg.pdf', 10, NULL, NULL, NULL, NULL, NULL, NULL, NULL, NULL),
(14, '6.9m2', 'Finnish BBQ Hut 6.9 m<sup>2</sup>', 7, 'kota_k069.pdf', 1, '', 'Finnish BBQ Hut 6.9m2\r\n\r\nproperties\r\nSides:    Octagonal - Seating for 8 persons\r\nRoof projection: 0.37 m\r\nWalls:    40 mm double tongue and groove logs from Red Pine.\r\nFlooring:   Decking that can be removed for cleaning.\r\nRoof:    20 mm tongue and groove roof boards.\r\nDoors:    1 door\r\nWindows:  4 windows, double glazed\r\n\r\nequipment\r\n\r\nIncluded Equipment:\r\nAn octagonal grill \r\nA round table around the grill \r\nA grill set \r\nA brick pan \r\nA steel kettle \r\nReindeer skins \r\nA coffee pot warmer \r\nA pillow \r\nSanta Claus \r\nA visitors book \r\nWood cups \r\nA pan watch \r\nA Lapp knife \r\nA four-cornered hat and scarf \r\nJuniper bun dishes \r\nJuniper servers \r\n\r\nBottle binoculars\r\nStriped wooden mugs\r\nA bottle opener\r\nJuniper underlay\r\nA leather coffee bag\r\nReindeer horn exact\r\nToggle tables\r\nA pot mitten and patches\r\nA thermometer\r\nAn axe block\r\nA fillet knife\r\nFork and knife sets\r\nA jingle bell\r\nA Lapp willow grouse\r\nA reindeer paw\r\nFlower boxes', NULL, NULL, NULL, NULL, '2006-07-09 20:14:52', NULL),
(15, '9.9m2', NULL, 7, 'kota_k099.pdf', 2, '', '', NULL, NULL, NULL, NULL, '2006-07-05 01:07:22', NULL),
(16, '17.2m2', NULL, 7, 'kota_k172.pdf', 3, NULL, NULL, NULL, NULL, NULL, NULL, NULL, NULL),
(17, '27m2', NULL, 7, 'kota_k288.pdf', 4, '', '', NULL, NULL, NULL, NULL, '2006-07-05 01:12:34', NULL),
(18, 'T10', NULL, 4, 'tbuild_t10.pdf', 10, NULL, NULL, NULL, NULL, NULL, NULL, NULL, NULL),
(19, 'Chalet T24', NULL, 4, 'tbuild_t24.pdf', 100, NULL, NULL, NULL, NULL, NULL, NULL, NULL, NULL),
(20, 'Pavillion', NULL, 11, 'tbuild_pv.pdf', 40, NULL, NULL, NULL, NULL, NULL, NULL, NULL, NULL),
(21, 'T Garage', NULL, 9, 'tbuild_tg.pdf', 0, '', '', NULL, NULL, NULL, NULL, '2006-07-05 01:12:40', NULL),
(22, 'T Shelter', NULL, 4, 'tbuild_ts.pdf', 120, NULL, NULL, NULL, NULL, NULL, NULL, NULL, NULL),
(23, 'T Terrace', NULL, 4, 'tbuild_tt.pdf', 130, NULL, NULL, NULL, NULL, NULL, NULL, NULL, NULL),
(24, 'T12', NULL, 4, 'tbuild_t12.pdf', 20, NULL, NULL, NULL, NULL, NULL, NULL, NULL, NULL),
(25, 'T14', NULL, 4, 'tbuild_t14.pdf', 25, NULL, NULL, NULL, NULL, NULL, NULL, NULL, NULL),
(26, 'T15', NULL, 4, 'tbuild_t15.pdf', 40, NULL, NULL, NULL, NULL, NULL, NULL, NULL, NULL),
(27, 'T17+Terrace', NULL, 4, 'tbuild_t17t.pdf', 60, NULL, NULL, NULL, NULL, NULL, NULL, NULL, NULL),
(28, 'T17', NULL, 4, 'tbuild_t17.pdf', 50, NULL, NULL, NULL, NULL, NULL, NULL, NULL, NULL),
(29, 'T20', NULL, 4, 'tbuild_t20.pdf', 70, '', '', NULL, NULL, NULL, NULL, '2006-07-05 01:08:35', NULL),
(30, 'T21', NULL, 4, 'tbuild_t21.pdf', 80, NULL, NULL, NULL, NULL, NULL, NULL, NULL, NULL),
(31, 'T23', NULL, 4, 'tbuild_t23.pdf', 90, NULL, NULL, NULL, NULL, NULL, NULL, NULL, NULL),
(34, 'Kaiserforst', NULL, 6, 'tyla_kf.pdf', 30, NULL, NULL, NULL, NULL, NULL, NULL, NULL, NULL),
(35, 'Laura', NULL, 6, 'tyla_la.pdf', 40, NULL, NULL, NULL, NULL, NULL, NULL, NULL, NULL),
(36, 'Sida', NULL, 11, 'tyla_oc.pdf', 50, NULL, NULL, NULL, NULL, NULL, NULL, NULL, NULL),
(37, 'Kaunas Pavilion', NULL, 11, 'tyla_op.pdf', 10, '', '', NULL, NULL, NULL, NULL, '2006-07-05 01:12:44', NULL),
(38, 'Borkum', NULL, 4, 'tyla_pc.pdf', 5, NULL, NULL, NULL, NULL, NULL, NULL, NULL, NULL),
(39, 'Tornio', NULL, 5, 'gc_tornio.pdf', 110, NULL, NULL, NULL, NULL, NULL, NULL, NULL, NULL),
(40, 'Ulmenfield', NULL, 6, 'tyla_uf.pdf', 90, NULL, NULL, NULL, NULL, NULL, NULL, NULL, NULL),
(43, 'Vilnius Pavilion', NULL, 11, 'tyla_vn.pdf', 30, NULL, NULL, NULL, NULL, NULL, NULL, NULL, NULL),
(49, 'T23D', NULL, 4, 'tbuild_t23.pdf', 95, NULL, NULL, NULL, NULL, NULL, NULL, NULL, NULL),
(44, 'Riga Pavilion', NULL, 11, 'tyla_rg.pdf', 20, NULL, NULL, NULL, NULL, NULL, NULL, NULL, NULL),
(45, 'Nida Panorama', NULL, 5, 'nida_np.pdf', 35, NULL, NULL, NULL, NULL, NULL, NULL, NULL, NULL),
(46, 'Nida TA', NULL, 5, 'nida_nta.pdf', 75, NULL, NULL, NULL, NULL, NULL, NULL, NULL, NULL),
(47, 'Nida Tower', NULL, 5, 'nida_ntw.pdf', 90, NULL, NULL, NULL, NULL, NULL, NULL, NULL, NULL),
(48, 'Nida Tyla', NULL, 5, 'nida_nty.pdf', 100, NULL, NULL, NULL, NULL, NULL, NULL, NULL, NULL);

-- --------------------------------------------------------

--
-- Table structure for table prodvariations
--

CREATE TABLE prodvariations (
  id int(11) NOT NULL auto_increment,
  variation varchar(50) default NULL,
  product_id int(11) NOT NULL default '0',
  vlength float default NULL,
  vbreadth float default NULL,
  disporder smallint(6) default NULL,
  created_by varchar(50) default NULL,
  created_on date default NULL,
  created_at time default NULL,
  updated_by varchar(50) default NULL,
  updated_on date default NULL,
  updated_at time default NULL,
  PRIMARY KEY  (id)
) ENGINE=MyISAM DEFAULT CHARSET=latin1 COMMENT='Product Variations' AUTO_INCREMENT=103 ;

--
-- Dumping data for table prodvariations
--

INSERT INTO prodvariations (id, variation, product_id, vlength, vbreadth, disporder, created_by, created_on, created_at, updated_by, updated_on, updated_at) VALUES
(9, NULL, 4, 4, 3, NULL, NULL, NULL, NULL, NULL, NULL, NULL),
(8, NULL, 4, 3, 3, NULL, NULL, NULL, NULL, NULL, NULL, NULL),
(7, NULL, 5, 5, 5, NULL, NULL, NULL, NULL, NULL, NULL, NULL),
(6, NULL, 5, 4, 5, NULL, NULL, NULL, NULL, NULL, NULL, NULL),
(5, NULL, 5, 5, 4, NULL, NULL, NULL, NULL, NULL, NULL, NULL),
(4, NULL, 5, 4, 4, NULL, NULL, NULL, NULL, NULL, NULL, NULL),
(3, NULL, 5, 3, 4, NULL, NULL, NULL, NULL, NULL, NULL, NULL),
(28, NULL, 7, 5, 5, NULL, NULL, NULL, NULL, NULL, NULL, NULL),
(27, NULL, 7, 4, 5, NULL, NULL, NULL, NULL, NULL, NULL, NULL),
(26, NULL, 7, 5, 4, NULL, NULL, NULL, NULL, NULL, NULL, NULL),
(25, NULL, 7, 4, 4, NULL, NULL, NULL, NULL, NULL, NULL, NULL),
(24, NULL, 7, 3, 4, NULL, NULL, NULL, NULL, NULL, NULL, NULL),
(23, NULL, 7, 4, 3, NULL, NULL, NULL, NULL, NULL, NULL, NULL),
(22, NULL, 7, 3, 3, NULL, NULL, NULL, NULL, NULL, NULL, NULL),
(21, NULL, 6, 5, 5, NULL, NULL, NULL, NULL, NULL, NULL, NULL),
(20, NULL, 6, 4, 5, NULL, NULL, NULL, NULL, NULL, NULL, NULL),
(2, NULL, 5, 4, 3, NULL, NULL, NULL, NULL, NULL, NULL, NULL),
(19, NULL, 6, 5, 4, NULL, NULL, NULL, NULL, NULL, NULL, NULL),
(18, NULL, 6, 4, 4, NULL, NULL, NULL, NULL, NULL, NULL, NULL),
(17, NULL, 6, 3, 4, NULL, NULL, NULL, NULL, NULL, NULL, NULL),
(16, NULL, 6, 4, 3, NULL, NULL, NULL, NULL, NULL, NULL, NULL),
(15, NULL, 6, 3, 3, NULL, NULL, NULL, NULL, NULL, NULL, NULL),
(14, NULL, 4, 5, 5, NULL, NULL, NULL, NULL, NULL, NULL, NULL),
(13, NULL, 4, 4, 5, NULL, NULL, NULL, NULL, NULL, NULL, NULL),
(12, NULL, 4, 5, 4, NULL, NULL, NULL, NULL, NULL, NULL, NULL),
(11, NULL, 4, 4, 4, NULL, NULL, NULL, NULL, NULL, NULL, NULL),
(10, NULL, 4, 3, 4, NULL, NULL, NULL, NULL, NULL, NULL, NULL),
(1, NULL, 5, 3, 3, NULL, NULL, NULL, NULL, NULL, NULL, NULL),
(29, NULL, 18, 3.25, 4.45, 10, NULL, NULL, NULL, NULL, NULL, NULL),
(30, NULL, 24, 3.25, 4.45, 20, NULL, NULL, NULL, NULL, NULL, NULL),
(31, NULL, 25, 2.95, 3.25, 30, NULL, NULL, NULL, NULL, NULL, NULL),
(32, NULL, 26, 2.95, 3.25, 40, NULL, NULL, NULL, NULL, NULL, NULL),
(33, NULL, 28, 2.95, 3.25, 50, NULL, NULL, NULL, NULL, NULL, NULL),
(34, NULL, 27, 2.95, 3.25, 60, NULL, NULL, NULL, NULL, NULL, NULL),
(35, NULL, 29, 2.95, 2.5, 70, NULL, NULL, NULL, NULL, NULL, NULL),
(36, NULL, 30, 2.2, 2.5, 80, NULL, NULL, NULL, NULL, NULL, NULL),
(37, NULL, 31, 2.95, 3.25, 90, NULL, NULL, NULL, NULL, NULL, NULL),
(38, NULL, 19, 4, 6.5, 100, NULL, NULL, NULL, NULL, NULL, NULL),
(39, NULL, 22, 3.35, 1.8, 110, NULL, NULL, NULL, NULL, NULL, NULL),
(40, NULL, 23, 1.5, 3.05, 120, NULL, NULL, NULL, NULL, NULL, NULL),
(52, NULL, 32, 7, 8.5, 10, NULL, NULL, NULL, NULL, NULL, NULL),
(53, NULL, 33, 10.45, 8.5, 20, NULL, NULL, NULL, NULL, NULL, NULL),
(54, NULL, 34, 4.7, 5.1, 30, NULL, NULL, NULL, NULL, NULL, NULL),
(55, NULL, 35, 4.3, 5.5, 40, NULL, NULL, NULL, NULL, NULL, NULL),
(56, NULL, 40, 6.45, 6.2, 50, NULL, NULL, NULL, NULL, NULL, NULL),
(57, NULL, 14, 3.149, 3.149, 10, NULL, NULL, NULL, NULL, NULL, NULL),
(58, NULL, 15, 3.81, 3.81, 20, NULL, NULL, NULL, NULL, NULL, NULL),
(59, NULL, 16, 5.009, 5.009, 30, NULL, NULL, NULL, NULL, NULL, NULL),
(60, NULL, 17, 6.05, 6.05, 40, NULL, NULL, NULL, NULL, NULL, NULL),
(61, NULL, 21, 5.36, 3.8, 10, NULL, NULL, NULL, NULL, NULL, NULL),
(62, NULL, 38, 3, 3, 10, NULL, NULL, NULL, NULL, NULL, NULL),
(63, NULL, 39, 3, 3, 10, NULL, NULL, NULL, NULL, NULL, NULL),
(64, NULL, 39, 3, 4, 20, NULL, NULL, NULL, NULL, NULL, NULL),
(65, NULL, 39, 4, 4, 30, NULL, NULL, NULL, NULL, NULL, NULL),
(66, NULL, 39, 5, 5, 40, NULL, NULL, NULL, NULL, NULL, NULL),
(67, NULL, 37, 3.14, 3.4, 10, NULL, NULL, NULL, NULL, NULL, NULL),
(68, NULL, 44, 3.14, 3.4, 20, NULL, NULL, NULL, NULL, NULL, NULL),
(69, NULL, 43, 3.14, 3.4, 30, NULL, NULL, NULL, NULL, NULL, NULL),
(70, NULL, 20, 3, 3, 40, NULL, NULL, NULL, NULL, NULL, NULL),
(71, 'Type 1: 1/2 glazed door 70/193 and 2 windows 70/94', 36, 2.8, 3.03, 10, NULL, NULL, NULL, NULL, NULL, NULL),
(72, 'Type 2: 1/2 glazed door 90/193 and 2 windows 90/94', 36, 3.14, 3.4, 20, NULL, NULL, NULL, NULL, NULL, NULL),
(73, 'Type 3: 1/2 glazed door 90/193 and 2 windows 100/9', 36, 4, 4.34, 30, NULL, NULL, NULL, NULL, NULL, NULL),
(74, 'Type 1: 3/4 glazed door 70/193 and 2 windows 70/13', 36, 2.8, 3.03, 40, NULL, NULL, NULL, NULL, NULL, NULL),
(75, 'Type 2: 3/4 glazed door 90/193 and 2 windows 90/13', 36, 3.14, 3.4, 50, NULL, NULL, NULL, NULL, NULL, NULL),
(76, 'Type 3: 3/4 glazed door 90/193 and 2 windows 100/1', 36, 4, 4.34, 60, NULL, NULL, NULL, NULL, NULL, NULL),
(77, 'Tornio', 39, 5, 4, 35, NULL, NULL, NULL, NULL, NULL, NULL),
(78, NULL, 45, 5, 5, NULL, NULL, NULL, NULL, NULL, NULL, NULL),
(79, NULL, 45, 4, 5, NULL, NULL, NULL, NULL, NULL, NULL, NULL),
(80, NULL, 45, 5, 4, NULL, NULL, NULL, NULL, NULL, NULL, NULL),
(81, NULL, 45, 4, 4, NULL, NULL, NULL, NULL, NULL, NULL, NULL),
(82, NULL, 45, 3, 4, NULL, NULL, NULL, NULL, NULL, NULL, NULL),
(83, NULL, 45, 4, 3, NULL, NULL, NULL, NULL, NULL, NULL, NULL),
(84, NULL, 45, 3, 3, NULL, NULL, NULL, NULL, NULL, NULL, NULL),
(85, NULL, 48, 4.5, 3, NULL, NULL, NULL, NULL, NULL, NULL, NULL),
(86, NULL, 10, 3.5, 3.5, NULL, NULL, NULL, NULL, NULL, NULL, NULL),
(87, NULL, 46, 5, 5, NULL, NULL, NULL, NULL, NULL, NULL, NULL),
(88, NULL, 46, 4, 5, NULL, NULL, NULL, NULL, NULL, NULL, NULL),
(89, NULL, 46, 5, 4, NULL, NULL, NULL, NULL, NULL, NULL, NULL),
(90, NULL, 46, 4, 4, NULL, NULL, NULL, NULL, NULL, NULL, NULL),
(91, NULL, 46, 3, 4, NULL, NULL, NULL, NULL, NULL, NULL, NULL),
(92, NULL, 46, 4, 3, NULL, NULL, NULL, NULL, NULL, NULL, NULL),
(93, NULL, 46, 3, 3, NULL, NULL, NULL, NULL, NULL, NULL, NULL),
(94, NULL, 9, 5, 5, NULL, NULL, NULL, NULL, NULL, NULL, NULL),
(95, NULL, 9, 4, 5, NULL, NULL, NULL, NULL, NULL, NULL, NULL),
(96, NULL, 9, 5, 4, NULL, NULL, NULL, NULL, NULL, NULL, NULL),
(97, NULL, 9, 4, 4, NULL, NULL, NULL, NULL, NULL, NULL, NULL),
(98, NULL, 9, 3, 4, NULL, NULL, NULL, NULL, NULL, NULL, NULL),
(99, NULL, 9, 4, 3, NULL, NULL, NULL, NULL, NULL, NULL, NULL),
(100, NULL, 9, 3, 3, NULL, NULL, NULL, NULL, NULL, NULL, NULL),
(101, NULL, 47, 3.1, 2.51, NULL, NULL, NULL, NULL, NULL, NULL, NULL),
(102, NULL, 49, 2.95, 3.25, 90, NULL, NULL, NULL, NULL, NULL, NULL);

-- --------------------------------------------------------

--
-- Table structure for table rangeoptions
--

CREATE TABLE rangeoptions (
  id int(11) NOT NULL auto_increment,
  rangeoption varchar(50) default NULL,
  prodrange_id int(11) NOT NULL default '0',
  disporder smallint(6) default NULL,
  short_text varchar(255) default NULL,
  created_by varchar(50) default NULL,
  created_on date default NULL,
  created_at time default NULL,
  updated_by varchar(50) default NULL,
  updated_on date default NULL,
  updated_at time default NULL,
  PRIMARY KEY  (id)
) ENGINE=MyISAM DEFAULT CHARSET=latin1 COMMENT='Range Options' AUTO_INCREMENT=16 ;

--
-- Dumping data for table rangeoptions
--

INSERT INTO rangeoptions (id, rangeoption, prodrange_id, disporder, short_text, created_by, created_on, created_at, updated_by, updated_on, updated_at) VALUES
(2, 'Shingles', 5, 20, NULL, NULL, NULL, NULL, NULL, NULL, NULL),
(3, 'Single Window', 5, 30, NULL, NULL, NULL, NULL, NULL, NULL, NULL),
(4, 'Double Window', 5, 40, NULL, NULL, NULL, NULL, NULL, NULL, NULL),
(5, 'Single Door', 5, 50, NULL, NULL, NULL, NULL, NULL, NULL, NULL),
(6, 'Double Door', 5, 60, NULL, NULL, NULL, NULL, NULL, NULL, NULL),
(7, 'Shutters', 0, 70, NULL, NULL, NULL, NULL, NULL, NULL, NULL),
(8, 'Roof Shingles', 0, 80, NULL, NULL, NULL, NULL, NULL, NULL, NULL),
(9, 'Larger Windows', 0, 90, NULL, NULL, NULL, NULL, NULL, NULL, NULL),
(10, 'Smoke Stack', 0, 100, NULL, NULL, NULL, NULL, NULL, NULL, NULL),
(11, 'Build', 0, 120, NULL, NULL, NULL, NULL, NULL, NULL, NULL),
(12, 'Package 1', 0, 130, NULL, NULL, NULL, NULL, NULL, NULL, NULL),
(13, 'Terrace', 0, 140, NULL, NULL, NULL, NULL, NULL, NULL, NULL),
(14, 'Furniture', 0, 150, NULL, NULL, NULL, NULL, NULL, NULL, NULL),
(15, 'Single Fence', 0, 160, NULL, NULL, NULL, NULL, NULL, NULL, NULL);

-- --------------------------------------------------------

--
-- Table structure for table resellers
--

CREATE TABLE resellers (
  id int(11) NOT NULL auto_increment,
  reseller varchar(50) default NULL,
  address1 varchar(100) default NULL,
  address2 varchar(100) default NULL,
  town varchar(100) default NULL,
  county varchar(100) default NULL,
  postcode varchar(100) default NULL,
  telephone varchar(100) default NULL,
  email varchar(100) default NULL,
  website varchar(100) default NULL,
  locx int(11) default NULL,
  locy int(11) default NULL,
  created_by varchar(50) default NULL,
  created_on date default NULL,
  created_at time default NULL,
  updated_by varchar(50) default NULL,
  updated_on date default NULL,
  updated_at time default NULL,
  PRIMARY KEY  (id)
) ENGINE=MyISAM DEFAULT CHARSET=latin1 COMMENT='Resellers' AUTO_INCREMENT=5 ;

--
-- Dumping data for table resellers
--

INSERT INTO `resellers` (`id`, `reseller`, `address1`, `address2`, `town`, `county`, `postcode`, `telephone`, `email`, `website`, `locx`, `locy`, `created_by`, `created_on`, `created_at`, `updated_by`, `updated_on`, `updated_at`) VALUES
(1, 'Hillmount Nursery Centre', '56-58 Upper Braniel Road', 'Gillnahirk', 'Belfast', NULL, 'BT5 7TX', '(028) 9044 8213', 'info@hillmount.co.uk', 'http://www.hillmount.co.uk/', 550, 330, NULL, NULL, NULL, NULL, NULL, NULL),
(2, 'Noah''s Workshop', '190 New Road', 'West Parley', 'Ferndown', 'Dorset', 'BH22 8EN', '01202 581400', 'info@noahsworkshop.co.uk', 'http://www.noahsworkshop.co.uk/', 670, 495, NULL, NULL, NULL, NULL, NULL, NULL),
(3, 'Champfleurie Estate', 'Champfleurie House', NULL, 'Linlithgow', NULL, 'EH51 0AU', '01506 847999', 'info@champfleurieestate.co.uk', 'http://www.champfleurieestate.co.uk/', 642, 275, NULL, NULL, NULL, NULL, NULL, NULL),
(4, 'Hilton Court Nursery', 'Roch', NULL, 'Haverfordwest', 'Pembrokeshire', 'SA62 6AE', '01437 710262', 'information@hiltongardensandcrafts.co.uk', 'http://www.hiltongardensandcrafts.co.uk/', 602, 453, NULL, NULL, NULL, NULL, NULL, NULL);

-- --------------------------------------------------------

--
-- Table structure for table tabs
--

CREATE TABLE tabs (
  id int(11) NOT NULL auto_increment,
  page varchar(20) NOT NULL default '',
  tab varchar(50) default NULL,
  disporder tinyint(4) default NULL,
  created_by varchar(50) default NULL,
  created_on date default NULL,
  created_at time default NULL,
  updated_by varchar(50) default NULL,
  updated_on date default NULL,
  updated_at time default NULL,
  PRIMARY KEY  (id)
) ENGINE=MyISAM DEFAULT CHARSET=latin1 COMMENT='Tabs' AUTO_INCREMENT=6 ;

--
-- Dumping data for table tabs
--

INSERT INTO tabs (id, page, tab, disporder, created_by, created_on, created_at, updated_by, updated_on, updated_at) VALUES
(1, 'product', 'Product', 10, NULL, NULL, NULL, NULL, NULL, NULL),
(2, 'product', 'Gallery', 20, NULL, NULL, NULL, NULL, NULL, NULL),
(3, 'product', 'Plans', 30, NULL, NULL, NULL, NULL, NULL, NULL);

-- --------------------------------------------------------

--
-- Table structure for table upload
--

CREATE TABLE upload (
  uplfile varchar(255) NOT NULL default '',
  docdate date NOT NULL default '0000-00-00',
  doctype char(1) NOT NULL default 'I',
  PRIMARY KEY  (uplfile)
) ENGINE=MyISAM DEFAULT CHARSET=latin1 COMMENT='Uploaded Files';

--
-- Dumping data for table upload
--

